"","player_names"
"1","A.C. Green"
"2","A.J. Bramlett"
"3","A.J. English"
"4","A.J. Guyton"
"5","A.J. Hammons"
"6","A.J. Price"
"7","A.J. Wynder"
"8","Aaron Brooks"
"9","Aaron Gordon"
"10","Aaron Gray"
"11","Aaron Harrison"
"12","Aaron Holiday"
"13","Aaron Jackson"
"14","Aaron McKie"
"15","Aaron Miles"
"16","Aaron Nesmith"
"17","Aaron Swinson"
"18","Aaron Williams"
"19","Abdel Nader"
"20","Acie Earl"
"21","Acie Law"
"22","Adam Harrington"
"23","Adam Keefe"
"24","Adam Mokoka"
"25","Adam Morrison"
"26","Admiral Schofield"
"27","Adonal Foyle"
"28","Adonis Jordan"
"29","Adonis Thomas"
"30","Adreian Payne"
"31","Adrian Caldwell"
"32","Adrian Dantley*"
"33","Adrian Griffin"
"34","Al-Farouq Aminu"
"35","Al Harrington"
"36","Al Horford"
"37","Al Jefferson"
"38","Al Thornton"
"39","Alaa Abdelnaby"
"40","Alan Anderson"
"41","Alan Henderson"
"42","Alan Ogg"
"43","Alan Williams"
"44","Alando Tucker"
"45","Albert King"
"46","Alec Burks"
"47","Alec Kessler"
"48","Alec Peters"
"49","Aleksandar Djordjevic"
"50","Aleksandar Radojevic"
"51","Aleksej Pokusevski"
"52","Alen Smailagic"
"53","Alex Abrines"
"54","Alex Acker"
"55","Alex Blackwell"
"56","Alex Caruso"
"57","Alex English*"
"58","Alex Garcia"
"59","Alex Kirk"
"60","Alex Len"
"61","Alex Poythress"
"62","Alex Scales"
"63","Alex Stepheson"
"64","Alex Stivrins"
"65","Alexander Johnson"
"66","Alexander Volkov"
"67","Alexey Shved"
"68","Alexis Ajinca"
"69","Alfonzo McKinnie"
"70","Alize Johnson"
"71","Allan Houston"
"72","Allan Ray"
"73","Allen Crabbe"
"74","Allen Iverson*"
"75","Allonzo Trier"
"76","Alonzo Gee"
"77","Alonzo Mourning*"
"78","Alphonso Ford"
"79","Alton Ford"
"80","Alton Lister"
"81","Alvin Heggs"
"82","Alvin Jones"
"83","Alvin Robertson"
"84","Alvin Sims"
"85","Alvin Williams"
"86","Amal McCaskill"
"87","Amar'e Stoudemire"
"88","Amida Brimah"
"89","Amile Jefferson"
"90","Amir Coffey"
"91","Amir Johnson"
"92","Anderson Varejao"
"93","Andrae Patterson"
"94","Andray Blatche"
"95","Andre Barrett"
"96","Andre Brown"
"97","Andre Dawkins"
"98","Andre Drummond"
"99","Andre Emmett"
"100","Andre Iguodala"
"101","Andre Ingram"
"102","Andre Miller"
"103","Andre Owens"
"104","Andre Roberson"
"105","Andre Spencer"
"106","Andre Turner"
"107","Andrea Bargnani"
"108","Andreas Glyniadakis"
"109","Andrei Kirilenko"
"110","Andres Guibert"
"111","Andres Nocioni"
"112","Andrew Bogut"
"113","Andrew Bynum"
"114","Andrew DeClercq"
"115","Andrew Gaze"
"116","Andrew Goudelock"
"117","Andrew Harrison"
"118","Andrew Lang"
"119","Andrew Nicholson"
"120","Andrew White"
"121","Andrew Wiggins"
"122","Andris Biedrins"
"123","Andy Panko"
"124","Andy Rautins"
"125","Andy Toolson"
"126","Anfernee Hardaway"
"127","Anfernee Simons"
"128","Angel Delgado"
"129","Ansu Sesay"
"130","Antawn Jamison"
"131","Ante Zizic"
"132","Anthony Avent"
"133","Anthony Bennett"
"134","Anthony Bonner"
"135","Anthony Bowie"
"136","Anthony Brown"
"137","Anthony Carter"
"138","Anthony Cook"
"139","Anthony Davis"
"140","Anthony Edwards"
"141","Anthony Frederick"
"142","Anthony Gill"
"143","Anthony Goldwire"
"144","Anthony Grundy"
"145","Anthony Johnson"
"146","Anthony Lamb"
"147","Anthony Mason"
"148","Anthony Miller"
"149","Anthony Morrow"
"150","Anthony Parker"
"151","Anthony Peeler"
"152","Anthony Pullard"
"153","Anthony Randolph"
"154","Anthony Roberson"
"155","Anthony Tolliver"
"156","Anthony Tucker"
"157","Antoine Carr"
"158","Antoine Rigaudeau"
"159","Antoine Walker"
"160","Antoine Wright"
"161","Antonio Anderson"
"162","Antonio Blakeney"
"163","Antonio Burks"
"164","Antonio Daniels"
"165","Antonio Davis"
"166","Antonio Harvey"
"167","Antonio Lang"
"168","Antonio McDyess"
"169","Antonis Fotsis"
"170","Antonius Cleveland"
"171","Anzejs Pasecniks"
"172","Archie Goodwin"
"173","Arinze Onuaku"
"174","Armen Gilliam"
"175","Armon Johnson"
"176","Armoni Brooks"
"177","Arnett Moultrie"
"178","Aron Baynes"
"179","Arron Afflalo"
"180","Art Long"
"181","Arvydas Macijauskas"
"182","Arvydas Sabonis*"
"183","Ashraf Amaya"
"184","Ashton Hagans"
"185","Askia Jones"
"186","Austin Croshere"
"187","Austin Daye"
"188","Austin Rivers"
"189","Avery Bradley"
"190","Avery Johnson"
"191","Awvee Storey"
"192","Axel Toupane"
"193","B.J. Armstrong"
"194","B.J. Johnson"
"195","B.J. Tyler"
"196","Bam Adebayo"
"197","Baron Davis"
"198","Barry Stevens"
"199","Bart Kofoed"
"200","Ben Bentil"
"201","Ben Coleman"
"202","Ben Davis"
"203","Ben Gordon"
"204","Ben Handlogten"
"205","Ben Hansbrough"
"206","Ben McLemore"
"207","Ben Moore"
"208","Ben Simmons"
"209","Ben Uzoh"
"210","Ben Wallace*"
"211","Beno Udrih"
"212","Benoit Benjamin"
"213","Bernard James"
"214","Bernard King*"
"215","Bernard Robinson"
"216","Bill Cartwright"
"217","Bill Curley"
"218","Bill Edwards"
"219","Bill Laimbeer"
"220","Bill Wennington"
"221","Billy Garrett"
"222","Billy Owens"
"223","Billy Thomas"
"224","Billy Thompson"
"225","Bimbo Coles"
"226","Bismack Biyombo"
"227","Bison Dele"
"228","Blair Rasmussen"
"229","Blake Ahearn"
"230","Blake Griffin"
"231","Blue Edwards"
"232","Bo Kimble"
"233","Bo Outlaw"
"234","Bob Hansen"
"235","Bob Martin"
"236","Bob McCann"
"237","Bob Sura"
"238","Bob Thornton"
"239","Boban Marjanovic"
"240","Bobby Brown"
"241","Bobby Hurley"
"242","Bobby Jackson"
"243","Bobby Jones"
"244","Bobby Phills"
"245","Bobby Portis"
"246","Bobby Simmons"
"247","Bogdan Bogdanovic"
"248","Bojan Bogdanovic"
"249","Bol Bol"
"250","Boniface N'Dong"
"251","Bonzi Wells"
"252","Bonzie Colson"
"253","Boris Diaw"
"254","Bostjan Nachbar"
"255","Bracey Wright"
"256","Brad Daugherty"
"257","Brad Davis"
"258","Brad Lohaus"
"259","Brad Miller"
"260","Brad Sellers"
"261","Brad Wanamaker"
"262","Bradley Beal"
"263","Brandan Wright"
"264","Branden Dawson"
"265","Brandin Knight"
"266","Brandon Armstrong"
"267","Brandon Bass"
"268","Brandon Clarke"
"269","Brandon Davies"
"270","Brandon Goodwin"
"271","Brandon Hunter"
"272","Brandon Ingram"
"273","Brandon Jennings"
"274","Brandon Knight"
"275","Brandon Paul"
"276","Brandon Roy"
"277","Brandon Rush"
"278","Brandon Sampson"
"279","Brandon Williams"
"280","Brendan Haywood"
"281","Brent Barry"
"282","Brent Price"
"283","Brent Scott"
"284","Brett Szabo"
"285","Brevin Knight"
"286","Brian Bowen"
"287","Brian Cardinal"
"288","Brian Cook"
"289","Brian Davis"
"290","Brian Evans"
"291","Brian Grant"
"292","Brian Howard"
"293","Brian Oliver"
"294","Brian Quinnett"
"295","Brian Roberts"
"296","Brian Scalabrine"
"297","Brian Shaw"
"298","Brian Skinner"
"299","Briante Weber"
"300","Brice Johnson"
"301","Britton Johnsen"
"302","Brodric Thomas"
"303","Brook Lopez"
"304","Brooks Thompson"
"305","Bruce Bowen"
"306","Bruce Brown"
"307","Bruno Caboclo"
"308","Bruno Fernando"
"309","Bruno Sundov"
"310","Bryant Reeves"
"311","Bryant Stith"
"312","Bryce Cotton"
"313","Bryce Dejean-Jones"
"314","Bryce Drew"
"315","Bryn Forbes"
"316","Bryon Russell"
"317","Bubba Wells"
"318","Buck Johnson"
"319","Buck Williams"
"320","Buddy Hield"
"321","Byron Dinkins"
"322","Byron Houston"
"323","Byron Irvin"
"324","Byron Mullens"
"325","Byron Scott"
"326","C.J. Miles"
"327","C.J. Watson"
"328","C.J. Wilcox"
"329","C.J. Williams"
"330","Cal Bowdler"
"331","Calbert Cheaney"
"332","Caleb Martin"
"333","Caleb Swanigan"
"334","Calvin Booth"
"335","Cam Reddish"
"336","Cameron Bairstow"
"337","Cameron Johnson"
"338","Cameron Oliver"
"339","Cameron Payne"
"340","Cameron Reynolds"
"341","Caris LeVert"
"342","Carl Herrera"
"343","Carl Landry"
"344","Carl Thomas"
"345","Carldell Johnson"
"346","Carlos Arroyo"
"347","Carlos Boozer"
"348","Carlos Delfino"
"349","Carlos Rogers"
"350","Carlton McKinney"
"351","Carmelo Anthony"
"352","Caron Butler"
"353","Carrick Felix"
"354","Carsen Edwards"
"355","Cartier Martin"
"356","Casey Jacobsen"
"357","Casey Shaw"
"358","Casper Ware"
"359","Cassius Stanley"
"360","Cassius Winston"
"361","Cedi Osman"
"362","Cedric Ball"
"363","Cedric Bozeman"
"364","Cedric Ceballos"
"365","Cedric Henderson"
"366","Cedric Hunter"
"367","Cedric Jackson"
"368","Cedric Lewis"
"369","Cedric Simmons"
"370","Cezary Trybanski"
"371","Chad Gallagher"
"372","Chandler Hutchison"
"373","Chandler Parsons"
"374","Channing Frye"
"375","Charles Barkley*"
"376","Charles Claxton"
"377","Charles Cooke"
"378","Charles Jenkins"
"379","Charles Jones"
"380","Charles O'Bannon"
"381","Charles Oakley"
"382","Charles Shackleford"
"383","Charles Smith"
"384","Charles Thomas"
"385","Charlie Bell"
"386","Charlie Brown"
"387","Charlie Villanueva"
"388","Charlie Ward"
"389","Chase Budinger"
"390","Chasson Randle"
"391","Chauncey Billups"
"392","Cheick Diallo"
"393","Cheikh Samb"
"394","Cherokee Parks"
"395","Chimezie Metu"
"396","Chinanu Onuaku"
"397","Chris Andersen"
"398","Chris Anstey"
"399","Chris Babb"
"400","Chris Bosh*"
"401","Chris Boucher"
"402","Chris Carr"
"403","Chris Childs"
"404","Chris Chiozza"
"405","Chris Clemons"
"406","Chris Copeland"
"407","Chris Corchiani"
"408","Chris Crawford"
"409","Chris Douglas-Roberts"
"410","Chris Dudley"
"411","Chris Duhon"
"412","Chris Garner"
"413","Chris Gatling"
"414","Chris Herren"
"415","Chris Hunter"
"416","Chris Jefferies"
"417","Chris Jent"
"418","Chris Johnson"
"419","Chris Kaman"
"420","Chris King"
"421","Chris McCray"
"422","Chris McCullough"
"423","Chris Mihm"
"424","Chris Mills"
"425","Chris Morris"
"426","Chris Mullin*"
"427","Chris Munk"
"428","Chris Owens"
"429","Chris Paul"
"430","Chris Porter"
"431","Chris Quinn"
"432","Chris Richard"
"433","Chris Robinson"
"434","Chris Silva"
"435","Chris Singleton"
"436","Chris Smith"
"437","Chris Taft"
"438","Chris Webber*"
"439","Chris Whitney"
"440","Chris Wilcox"
"441","Chris Wright"
"442","Christian Eyenga"
"443","Christian Laettner"
"444","Christian Wood"
"445","Chuck Hayes"
"446","Chuck Nevitt"
"447","Chuck Person"
"448","Chucky Atkins"
"449","Chucky Brown"
"450","Chuma Okeke"
"451","CJ Elleby"
"452","CJ McCollum"
"453","Clarence Weatherspoon"
"454","Cleanthony Early"
"455","Cliff Alexander"
"456","Cliff Levingston"
"457","Cliff Robinson"
"458","Clifford Lett"
"459","Clifford Robinson"
"460","Clifford Rozier"
"461","Clint Capela"
"462","Clint McDaniel"
"463","Clinton Smith"
"464","Clyde Drexler*"
"465","Coby Karl"
"466","Coby White"
"467","Cody Martin"
"468","Cody Zeller"
"469","Cole Aldrich"
"470","Cole Anthony"
"471","Collin Sexton"
"472","Corey Beck"
"473","Corey Benjamin"
"474","Corey Brewer"
"475","Corey Crowder"
"476","Corey Gaines"
"477","Corey Maggette"
"478","Corey Williams"
"479","Corie Blount"
"480","Corliss Williamson"
"481","Corsley Edwards"
"482","Cory Alexander"
"483","Cory Carr"
"484","Cory Higgins"
"485","Cory Jefferson"
"486","Cory Joseph"
"487","Coty Clarke"
"488","Courtney Alexander"
"489","Courtney Fortson"
"490","Courtney Lee"
"491","Courtney Sims"
"492","Craig Brackins"
"493","Craig Ehlo"
"494","Craig Hodges"
"495","Craig Neal"
"496","Craig Smith"
"497","Cristiano Felicio"
"498","Cuonzo Martin"
"499","Curtis Borchardt"
"500","Cuttino Mobley"
"501","D'Angelo Russell"
"502","D.J. Augustin"
"503","D.J. Kennedy"
"504","D.J. Mbenga"
"505","D.J. Stephens"
"506","D.J. Strawberry"
"507","D.J. White"
"508","D.J. Wilson"
"509","Daequan Cook"
"510","Dahntay Jones"
"511","Dairis Bertans"
"512","DaJuan Summers"
"513","Dajuan Wagner"
"514","Dakari Johnson"
"515","Dakota Mathias"
"516","Dale Davis"
"517","Dale Ellis"
"518","Dalibor Bagaric"
"519","Damian Jones"
"520","Damian Lillard"
"521","Damien Inglis"
"522","Damien Wilkins"
"523","Damion James"
"524","Damion Lee"
"525","Damir Markota"
"526","Damjan Rudez"
"527","Damon Jones"
"528","Damon Stoudamire"
"529","Damone Brown"
"530","Damyean Dotson"
"531","Dan Dickau"
"532","Dan Gadzuric"
"533","Dan Godfread"
"534","Dan Langhi"
"535","Dan Majerle"
"536","Dan McClintock"
"537","Dan O'Sullivan"
"538","Dana Barros"
"539","Daniel Ewing"
"540","Daniel Gafford"
"541","Daniel Gibson"
"542","Daniel Hamilton"
"543","Daniel Ochefu"
"544","Daniel Orton"
"545","Daniel Oturu"
"546","Daniel Santiago"
"547","Daniel Theis"
"548","Danilo Gallinari"
"549","Danny Ainge"
"550","Danny Ferry"
"551","Danny Fortson"
"552","Danny Granger"
"553","Danny Green"
"554","Danny Manning"
"555","Danny Schayes"
"556","Danny Young"
"557","Dante Cunningham"
"558","Dante Exum"
"559","Danuel House"
"560","DaQuan Jeffries"
"561","Darington Hobson"
"562","Dario Saric"
"563","Darius Bazley"
"564","Darius Garland"
"565","Darius Johnson-Odom"
"566","Darius Miles"
"567","Darius Miller"
"568","Darius Morris"
"569","Darius Songaila"
"570","Darius Washington"
"571","Darko Milicic"
"572","Darnell Jackson"
"573","Darnell Mee"
"574","Darnell Valentine"
"575","Darrell Armstrong"
"576","Darrell Arthur"
"577","Darrell Griffith"
"578","Darrell Walker"
"579","Darren Collison"
"580","Darren Morningstar"
"581","Darrick Martin"
"582","Darrin Hancock"
"583","Darrun Hilliard"
"584","Darryl Johnson"
"585","Darryl Watkins"
"586","Darvin Ham"
"587","Daryl Macon"
"588","Dave Corzine"
"589","Dave Feitl"
"590","Dave Greenwood"
"591","Dave Hoppen"
"592","Dave Jamerson"
"593","Dave Johnson"
"594","Dave Popson"
"595","David Andersen"
"596","David Benoit"
"597","David Harrison"
"598","David Lee"
"599","David Noel"
"600","David Nwaba"
"601","David Rivers"
"602","David Robinson*"
"603","David Stockton"
"604","David Vanterpool"
"605","David Vaughn"
"606","David Wear"
"607","David Wesley"
"608","David West"
"609","David Wingate"
"610","David Wood"
"611","Davis Bertans"
"612","Davon Reed"
"613","De'Aaron Fox"
"614","De'Andre Hunter"
"615","De'Anthony Melton"
"616","Dean Garrett"
"617","Dean Oliver"
"618","Dean Wade"
"619","DeAndre' Bembry"
"620","Deandre Ayton"
"621","DeAndre Jordan"
"622","DeAndre Liggins"
"623","Dedric Willoughby"
"624","Dee Brown"
"625","Deividas Sirvydis"
"626","Dejounte Murray"
"627","DeJuan Blair"
"628","DeJuan Wheat"
"629","Delaney Rudd"
"630","Dell Curry"
"631","Dell Demps"
"632","Delon Wright"
"633","Delonte West"
"634","DeMar DeRozan"
"635","DeMarco Johnson"
"636","DeMarcus Cousins"
"637","DeMarcus Nelson"
"638","DeMarre Carroll"
"639","Demetris Nichols"
"640","Demetrius Calip"
"641","Demetrius Jackson"
"642","Deng Adel"
"643","Deng Gai"
"644","Deni Avdija"
"645","Dennis Hopson"
"646","Dennis Horner"
"647","Dennis Rodman*"
"648","Dennis Schroder"
"649","Dennis Scott"
"650","Dennis Smith Jr."
"651","Denzel Valentine"
"652","Deonte Burton"
"653","DeQuan Jones"
"654","Derek Anderson"
"655","Derek Fisher"
"656","Derek Grimm"
"657","Derek Harper"
"658","Derek Hood"
"659","Derek Smith"
"660","Derek Strong"
"661","DerMarr Johnson"
"662","Deron Williams"
"663","Derrick Alston"
"664","Derrick Brown"
"665","Derrick Byars"
"666","Derrick Caracter"
"667","Derrick Chievous"
"668","Derrick Coleman"
"669","Derrick Dial"
"670","Derrick Favors"
"671","Derrick Gervin"
"672","Derrick Jones Jr."
"673","Derrick McKey"
"674","Derrick Phelps"
"675","Derrick Rose"
"676","Derrick Walton"
"677","Derrick White"
"678","Derrick Williams"
"679","Derrick Zimmerman"
"680","DeSagana Diop"
"681","DeShawn Stevenson"
"682","Desmon Farmer"
"683","Desmond Bane"
"684","Desmond Ferguson"
"685","Desmond Mason"
"686","Desmond Penigar"
"687","Detlef Schrempf"
"688","DeVaughn Akoon-Purcell"
"689","Devean George"
"690","Devin Booker"
"691","Devin Brown"
"692","Devin Cannady"
"693","Devin Ebanks"
"694","Devin Gray"
"695","Devin Green"
"696","Devin Harris"
"697","Devin Robinson"
"698","Devin Vassell"
"699","Devon Dotson"
"700","Devon Hall"
"701","Devontae Cacok"
"702","Devonte' Graham"
"703","Devyn Marble"
"704","Dewan Hernandez"
"705","Dewayne Dedmon"
"706","Dexter Boney"
"707","Dexter Cambridge"
"708","Dexter Pittman"
"709","Deyonta Davis"
"710","Diamond Stone"
"711","Diante Garrett"
"712","Dickey Simpkins"
"713","Didi Louzada"
"714","Dijon Thompson"
"715","Dikembe Mutombo*"
"716","Dillon Brooks"
"717","Dino Radja*"
"718","Dion Glover"
"719","Dion Waiters"
"720","Dionte Christmas"
"721","Dirk Nowitzki"
"722","Doc Rivers"
"723","Domantas Sabonis"
"724","Dominic McGuire"
"725","Dominique Jones"
"726","Dominique Wilkins*"
"727","Don MacLean"
"728","Don Reid"
"729","Donald Hodge"
"730","Donald Royal"
"731","Donald Sloan"
"732","Donald Whiteside"
"733","Donatas Motiejunas"
"734","Donell Taylor"
"735","Donnell Harvey"
"736","Donnie Boyce"
"737","Donny Marshall"
"738","Donovan Mitchell"
"739","Donta Hall"
"740","Donta Smith"
"741","Dontae' Jones"
"742","Donte DiVincenzo"
"743","Donte Grantham"
"744","Donte Greene"
"745","Dontell Jefferson"
"746","Dontonio Wingfield"
"747","Donyell Marshall"
"748","Dorell Wright"
"749","Dorian Finney-Smith"
"750","Doron Lamb"
"751","Doug Christie"
"752","Doug Edwards"
"753","Doug Lee"
"754","Doug McDermott"
"755","Doug Overton"
"756","Doug Smith"
"757","Doug West"
"758","Dragan Bender"
"759","Dragan Tarlac"
"760","Draymond Green"
"761","Drazen Petrovic*"
"762","Drew Barry"
"763","Drew Eubanks"
"764","Drew Gooden"
"765","Drew Gordon"
"766","Duane Causwell"
"767","Duane Cooper"
"768","Duane Ferrell"
"769","Duane Washington"
"770","Duje Dukan"
"771","Duncan Robinson"
"772","Dusty Hannahs"
"773","Dwayne Bacon"
"774","Dwayne Jones"
"775","Dwayne Morton"
"776","Dwayne Schintzius"
"777","Dwayne Whitfield"
"778","Dwight Buycks"
"779","Dwight Howard"
"780","Dwight Powell"
"781","Dwyane Wade"
"782","Dylan Windler"
"783","Dzanan Musa"
"784","E'Twaun Moore"
"785","Earl Barron"
"786","Earl Boykins"
"787","Earl Clark"
"788","Earl Cureton"
"789","Earl Watson"
"790","Ed Davis"
"791","Ed Gray"
"792","Ed Nealy"
"793","Ed O'Bannon"
"794","Ed Pinckney"
"795","Ed Stokes"
"796","Eddie Basden"
"797","Eddie Gill"
"798","Eddie Griffin"
"799","Eddie House"
"800","Eddie Johnson"
"801","Eddie Jones"
"802","Eddie Lee Wilkins"
"803","Eddie Robinson"
"804","Eddy Curry"
"805","Edmond Sumner"
"806","Eduardo Najera"
"807","Edwin Ubiles"
"808","Edy Tavares"
"809","Efthimios Rentzias"
"810","Ekpe Udoh"
"811","Elden Campbell"
"812","Eldridge Recasner"
"813","Elfrid Payton"
"814","Elias Harris"
"815","Elie Okobo"
"816","Elijah Bryant"
"817","Elijah Hughes"
"818","Elijah Millsap"
"819","Elliot Perry"
"820","Elliot Williams"
"821","Elmer Bennett"
"822","Elmore Spencer"
"823","Elton Brand"
"824","Emanual Davis"
"825","Emanuel Terry"
"826","Emeka Okafor"
"827","Emmanuel Mudiay"
"828","Enes Kanter"
"829","Ennis Whatley"
"830","Eric Anderson"
"831","Eric Bledsoe"
"832","Eric Dawson"
"833","Eric Gordon"
"834","Eric Leckner"
"835","Eric Maynor"
"836","Eric Mika"
"837","Eric Mobley"
"838","Eric Montross"
"839","Eric Moreland"
"840","Eric Murdock"
"841","Eric Paschall"
"842","Eric Piatkowski"
"843","Eric Riley"
"844","Eric Snow"
"845","Eric Washington"
"846","Eric Williams"
"847","Erick Barkley"
"848","Erick Dampier"
"849","Erick Green"
"850","Erick Strickland"
"851","Erik Daniels"
"852","Erik McCree"
"853","Erik Murphy"
"854","Ernest Brown"
"855","Ersan Ilyasova"
"856","Ervin Johnson"
"857","Esteban Batista"
"858","Etan Thomas"
"859","Etdrick Bohannon"
"860","Eugene Jeter"
"861","Evan Eschmeyer"
"862","Evan Fournier"
"863","Evan Turner"
"864","Everette Stephens"
"865","Evers Burns"
"866","Evric Gray"
"867","Fab Melo"
"868","Fabricio Oberto"
"869","Facundo Campazzo"
"870","Fat Lever"
"871","Felipe Lopez"
"872","Felton Spencer"
"873","Festus Ezeli"
"874","Francisco Elson"
"875","Francisco Garcia"
"876","Frank Brickowski"
"877","Frank Jackson"
"878","Frank Johnson"
"879","Frank Kaminsky"
"880","Frank Kornet"
"881","Frank Mason III"
"882","Frank Ntilikina"
"883","Frank Williams"
"884","Frankie King"
"885","Fred Hoiberg"
"886","Fred Jones"
"887","Fred Roberts"
"888","Fred VanVleet"
"889","Fred Vinson"
"890","Freddie Gillespie"
"891","Furkan Aldemir"
"892","Furkan Korkmaz"
"893","Gabe Pruitt"
"894","Gabe Vincent"
"895","Gabriel Deck"
"896","Gal Mekel"
"897","Gani Lawal"
"898","Garret Siler"
"899","Garrett Temple"
"900","Garrison Mathews"
"901","Garth Joseph"
"902","Gary Alexander"
"903","Gary Clark"
"904","Gary Forbes"
"905","Gary Grant"
"906","Gary Harris"
"907","Gary Leonard"
"908","Gary Neal"
"909","Gary Payton II"
"910","Gary Payton*"
"911","Gary Plummer"
"912","Gary Trent"
"913","Gary Trent Jr."
"914","Gaylon Nickerson"
"915","Geert Hammink"
"916","Geno Carlisle"
"917","George Hill"
"918","George King"
"919","George Lynch"
"920","George McCloud"
"921","George Zidek"
"922","Georges Niang"
"923","Georgios Papagiannis"
"924","Gerald Brown"
"925","Gerald Fitch"
"926","Gerald Glass"
"927","Gerald Green"
"928","Gerald Henderson"
"929","Gerald Madkins"
"930","Gerald Paddio"
"931","Gerald Wallace"
"932","Gerald Wilkins"
"933","Gerard King"
"934","Gheorghe Muresan"
"935","Gian Clavell"
"936","Giannis Antetokounmpo"
"937","Gigi Datome"
"938","Gilbert Arenas"
"939","Glen Davis"
"940","Glen Rice"
"941","Glen Rice Jr."
"942","Glenn Robinson"
"943","Glenn Robinson III"
"944","God Shammgod"
"945","Goga Bitadze"
"946","Goran Dragic"
"947","Gordan Giricek"
"948","Gordon Hayward"
"949","Gorgui Dieng"
"950","Grant Hill*"
"951","Grant Jerrett"
"952","Grant Long"
"953","Grant Riller"
"954","Grant Williams"
"955","Grayson Allen"
"956","Greg Anderson"
"957","Greg Anthony"
"958","Greg Buckner"
"959","Greg Butler"
"960","Greg Dreiling"
"961","Greg Foster"
"962","Greg Graham"
"963","Greg Grant"
"964","Greg Kite"
"965","Greg Minor"
"966","Greg Monroe"
"967","Greg Oden"
"968","Greg Ostertag"
"969","Greg Smith"
"970","Greg Stiemsma"
"971","Greg Sutton"
"972","Greg Whittington"
"973","Greivis Vasquez"
"974","Guerschon Yabusele"
"975","Guillermo Diaz"
"976","Gundars Vetra"
"977","Gustavo Ayon"
"978","Guy Rucker"
"979","Ha Seung-Jin"
"980","Hakeem Olajuwon*"
"981","Hakim Warrick"
"982","Hamady N'Diaye"
"983","Hamed Haddadi"
"984","Hamidou Diallo"
"985","Hanno Mottola"
"986","Harold Ellis"
"987","Harold Jamison"
"988","Harold Miner"
"989","Harrison Barnes"
"990","Harry Giles"
"991","Harvey Grant"
"992","Hasheem Thabeet"
"993","Hassan Adams"
"994","Hassan Whiteside"
"995","Haywood Highsmith"
"996","Haywoode Workman"
"997","Hedo Turkoglu"
"998","Henry Ellenson"
"999","Henry James"
"1000","Henry Sims"
"1001","Henry Turner"
"1002","Henry Walker"
"1003","Herb Williams"
"1004","Hersey Hawkins"
"1005","Hilton Armstrong"
"1006","Hiram Fuller"
"1007","Hollis Thompson"
"1008","Horace Grant"
"1009","Horace Jenkins"
"1010","Horacio Llamas"
"1011","Hot Rod Williams"
"1012","Howard Eisley"
"1013","Howard Nathan"
"1014","Howard Wright"
"1015","Hubert Davis"
"1016","Ian Clark"
"1017","Ian Lockhart"
"1018","Ian Mahinmi"
"1019","Ibo Kutluay"
"1020","Ignas Brazdeikis"
"1021","Igor Rakocevic"
"1022","Ike Anigbogu"
"1023","Ike Diogu"
"1024","Iman Shumpert"
"1025","Ime Udoka"
"1026","Immanuel Quickley"
"1027","Ira Bowman"
"1028","Ira Newble"
"1029","Irving Thomas"
"1030","Isaac Austin"
"1031","Isaac Bonga"
"1032","Isaac Fontaine"
"1033","Isaac Humphries"
"1034","Isaac Okoro"
"1035","Isaiah Briscoe"
"1036","Isaiah Canaan"
"1037","Isaiah Hartenstein"
"1038","Isaiah Hicks"
"1039","Isaiah Joe"
"1040","Isaiah Morris"
"1041","Isaiah Rider"
"1042","Isaiah Roby"
"1043","Isaiah Stewart"
"1044","Isaiah Taylor"
"1045","Isaiah Thomas"
"1046","Isaiah Whitehead"
"1047","Ish Smith"
"1048","Isiah Thomas*"
"1049","Ivan Johnson"
"1050","Ivan McFarlin"
"1051","Ivan Rabb"
"1052","Ivano Newbill"
"1053","Ivica Zubac"
"1054","J.J. Barea"
"1055","J.J. Hickson"
"1056","J.J. O'Brien"
"1057","J.J. Redick"
"1058","J.P. Macura"
"1059","J.R. Bremer"
"1060","J.R. Giddens"
"1061","J.R. Henderson"
"1062","J.R. Reid"
"1063","J.R. Smith"
"1064","Ja Morant"
"1065","Jabari Bird"
"1066","Jabari Brown"
"1067","Jabari Parker"
"1068","Jabari Smith"
"1069","Jack Cooley"
"1070","Jack Haley"
"1071","Jack Sikma*"
"1072","Jackie Butler"
"1073","Jackson Vroman"
"1074","Jacob Evans"
"1075","Jacob Pullen"
"1076","Jacob Wiley"
"1077","Jacque Vaughn"
"1078","Jaden McDaniels"
"1079","Jae'Sean Tate"
"1080","Jae Crowder"
"1081","Jahidi White"
"1082","Jahlil Okafor"
"1083","Jahmi'us Ramsey"
"1084","JaJuan Johnson"
"1085","JaKarr Sampson"
"1086","Jake Layman"
"1087","Jake Tsakalidis"
"1088","Jake Voskuhl"
"1089","Jakob Poeltl"
"1090","Jalen Brunson"
"1091","Jalen Harris"
"1092","Jalen Jones"
"1093","Jalen Lecque"
"1094","Jalen McDaniels"
"1095","Jalen Rose"
"1096","Jalen Smith"
"1097","Jamaal Franklin"
"1098","Jamaal Magloire"
"1099","Jamaal Tinsley"
"1100","Jamal Crawford"
"1101","Jamal Mashburn"
"1102","Jamal Murray"
"1103","Jamal Robinson"
"1104","Jamal Sampson"
"1105","Jamario Moon"
"1106","Jameel Warney"
"1107","Jameer Nelson"
"1108","Jamel Artis"
"1109","Jamel Thomas"
"1110","James Anderson"
"1111","James Augustine"
"1112","James Blackwell"
"1113","James Collins"
"1114","James Cotton"
"1115","James Donaldson"
"1116","James Edwards"
"1117","James Ennis"
"1118","James Harden"
"1119","James Johnson"
"1120","James Jones"
"1121","James Lang"
"1122","James Michael McAdoo"
"1123","James Nunnally"
"1124","James Posey"
"1125","James Robinson"
"1126","James Scott"
"1127","James Singleton"
"1128","James Southerland"
"1129","James Thomas"
"1130","James Webb III"
"1131","James White"
"1132","James Wiseman"
"1133","James Worthy*"
"1134","James Young"
"1135","JamesOn Curry"
"1136","Jamie Feick"
"1137","Jamie Watson"
"1138","Jamil Wilson"
"1139","Jamison Brewer"
"1140","JaMychal Green"
"1141","Jan Vesely"
"1142","Jannero Pargo"
"1143","Jared Cunningham"
"1144","Jared Dudley"
"1145","Jared Harper"
"1146","Jared Jeffries"
"1147","Jared Reiner"
"1148","Jared Sullinger"
"1149","Jared Terrell"
"1150","Jarell Eddie"
"1151","Jarell Martin"
"1152","Jaren Jackson"
"1153","Jaren Jackson Jr."
"1154","Jarnell Stokes"
"1155","Jaron Blossomgame"
"1156","Jarred Vanderbilt"
"1157","Jarrell Brantley"
"1158","Jarrett Allen"
"1159","Jarrett Culver"
"1160","Jarrett Jack"
"1161","Jarrod Uthoff"
"1162","Jarron Collins"
"1163","Jarvis Hayes"
"1164","Jarvis Varnado"
"1165","Jason Caffey"
"1166","Jason Collier"
"1167","Jason Collins"
"1168","Jason Hart"
"1169","Jason Kapono"
"1170","Jason Kidd*"
"1171","Jason Lawson"
"1172","Jason Maxiell"
"1173","Jason Miskiri"
"1174","Jason Richardson"
"1175","Jason Sasser"
"1176","Jason Smith"
"1177","Jason Terry"
"1178","Jason Thompson"
"1179","Jason Williams"
"1180","JaVale McGee"
"1181","Javaris Crittenton"
"1182","Javonte Green"
"1183","Jawad Williams"
"1184","Jawann Oldham"
"1185","Jawun Evans"
"1186","Jaxson Hayes"
"1187","Jay Guidinger"
"1188","Jay Humphries"
"1189","Jay Scrubb"
"1190","Jay Williams"
"1191","Jaylen Adams"
"1192","Jaylen Brown"
"1193","Jaylen Hoard"
"1194","Jaylen Morris"
"1195","Jaylen Nowell"
"1196","Jayson Tatum"
"1197","Jayson Williams"
"1198","Jeff Adrien"
"1199","Jeff Ayres"
"1200","Jeff Foote"
"1201","Jeff Foster"
"1202","Jeff Grayer"
"1203","Jeff Green"
"1204","Jeff Hornacek"
"1205","Jeff Malone"
"1206","Jeff Martin"
"1207","Jeff McInnis"
"1208","Jeff Nordgaard"
"1209","Jeff Ruland"
"1210","Jeff Sanders"
"1211","Jeff Sheppard"
"1212","Jeff Taylor"
"1213","Jeff Teague"
"1214","Jeff Trepagnier"
"1215","Jeff Turner"
"1216","Jeff Webster"
"1217","Jeff Withey"
"1218","Jelani McCoy"
"1219","Jemerrio Jones"
"1220","Jerald Honeycutt"
"1221","Jerami Grant"
"1222","Jerel McNeal"
"1223","Jeremiah Martin"
"1224","Jeremy Evans"
"1225","Jeremy Lamb"
"1226","Jeremy Lin"
"1227","Jeremy Pargo"
"1228","Jeremy Richardson"
"1229","Jeremy Tyler"
"1230","Jerian Grant"
"1231","Jermaine Jackson"
"1232","Jermaine O'Neal"
"1233","Jermaine Taylor"
"1234","Jermareo Davidson"
"1235","Jerome Allen"
"1236","Jerome Beasley"
"1237","Jerome Dyson"
"1238","Jerome Harmon"
"1239","Jerome James"
"1240","Jerome Jordan"
"1241","Jerome Kersey"
"1242","Jerome Lane"
"1243","Jerome Moiso"
"1244","Jerome Robinson"
"1245","Jerome Williams"
"1246","Jerrelle Benimon"
"1247","Jerrod Mustaf"
"1248","Jerry Reynolds"
"1249","Jerry Smith"
"1250","Jerry Stackhouse"
"1251","Jerryd Bayless"
"1252","Jeryl Sasser"
"1253","Jevon Carter"
"1254","Jim Farmer"
"1255","Jim Grandholm"
"1256","Jim Jackson"
"1257","Jim Les"
"1258","Jim McIlvaine"
"1259","Jim Petersen"
"1260","Jim Thomas"
"1261","Jimmer Fredette"
"1262","Jimmy Butler"
"1263","Jimmy Carruth"
"1264","Jimmy King"
"1265","Jimmy Oliver"
"1266","Jiri Welsch"
"1267","Jo Jo English"
"1268","Joakim Noah"
"1269","Joao Vianna"
"1270","Jodie Meeks"
"1271","Joe Alexander"
"1272","Joe Barry Carroll"
"1273","Joe Chealey"
"1274","Joe Courtney"
"1275","Joe Crawford"
"1276","Joe Crispin"
"1277","Joe Dumars*"
"1278","Joe Harris"
"1279","Joe Ingles"
"1280","Joe Johnson"
"1281","Joe Kleine"
"1282","Joe Smith"
"1283","Joe Stephens"
"1284","Joe Wolf"
"1285","Joe Young"
"1286","Joel Anthony"
"1287","Joel Bolomboy"
"1288","Joel Embiid"
"1289","Joel Freeland"
"1290","Joel Przybilla"
"1291","Joey Dorsey"
"1292","Joey Graham"
"1293","Joffrey Lauvergne"
"1294","Johan Petro"
"1295","John Amaechi"
"1296","John Bagley"
"1297","John Battle"
"1298","John Celestand"
"1299","John Coker"
"1300","John Collins"
"1301","John Crotty"
"1302","John Edwards"
"1303","John Henson"
"1304","John Holland"
"1305","John Jenkins"
"1306","John Konchar"
"1307","John Long"
"1308","John Lucas III"
"1309","John Morton"
"1310","John Paxson"
"1311","John Salley"
"1312","John Salmons"
"1313","John Shasky"
"1314","John Starks"
"1315","John Stockton*"
"1316","John Thomas"
"1317","John Turner"
"1318","John Wall"
"1319","John Wallace"
"1320","John Williams"
"1321","Johnathan Motley"
"1322","Johnathan Williams"
"1323","Johnny Dawkins"
"1324","Johnny Newman"
"1325","Johnny O'Bryant"
"1326","Johnny Taylor"
"1327","Jon Barry"
"1328","Jon Brockman"
"1329","Jon Koncak"
"1330","Jon Leuer"
"1331","Jon Sundvold"
"1332","Jonah Bolden"
"1333","Jonas Jerebko"
"1334","Jonas Valanciunas"
"1335","Jonathan Bender"
"1336","Jonathan Gibson"
"1337","Jonathan Isaac"
"1338","Jonathan Kerner"
"1339","Jonathon Simmons"
"1340","Jonny Flynn"
"1341","Jontay Porter"
"1342","Jordan Adams"
"1343","Jordan Bell"
"1344","Jordan Bone"
"1345","Jordan Clarkson"
"1346","Jordan Crawford"
"1347","Jordan Farmar"
"1348","Jordan Hamilton"
"1349","Jordan Hill"
"1350","Jordan Loyd"
"1351","Jordan McLaughlin"
"1352","Jordan McRae"
"1353","Jordan Mickey"
"1354","Jordan Nwora"
"1355","Jordan Poole"
"1356","Jordan Sibert"
"1357","Jordan Williams"
"1358","Jorge Garbajosa"
"1359","Jorge Gutierrez"
"1360","Jose Calderon"
"1361","Joseph Forte"
"1362","Josh Akognon"
"1363","Josh Boone"
"1364","Josh Childress"
"1365","Josh Davis"
"1366","Josh Grant"
"1367","Josh Gray"
"1368","Josh Green"
"1369","Josh Hall"
"1370","Josh Harrellson"
"1371","Josh Hart"
"1372","Josh Howard"
"1373","Josh Huestis"
"1374","Josh Jackson"
"1375","Josh Magette"
"1376","Josh McRoberts"
"1377","Josh Okogie"
"1378","Josh Powell"
"1379","Josh Reaves"
"1380","Josh Richardson"
"1381","Josh Selby"
"1382","Josh Smith"
"1383","Jrue Holiday"
"1384","Juan Carlos Navarro"
"1385","Juan Dixon"
"1386","Juan Hernangomez"
"1387","Juan Toscano-Anderson"
"1388","Juaquin Hawkins"
"1389","Jud Buechler"
"1390","Julian Washburn"
"1391","Julian Wright"
"1392","Julius Hodge"
"1393","Julius Nwosu"
"1394","Julius Randle"
"1395","Julyan Stone"
"1396","Jumaine Jones"
"1397","Junior Burrough"
"1398","Junior Harrington"
"1399","Justin Anderson"
"1400","Justin Dentmon"
"1401","Justin Hamilton"
"1402","Justin Harper"
"1403","Justin Holiday"
"1404","Justin Jackson"
"1405","Justin James"
"1406","Justin Patton"
"1407","Justin Reed"
"1408","Justin Robinson"
"1409","Justin Williams"
"1410","Justin Wright-Foreman"
"1411","Justise Winslow"
"1412","Jusuf Nurkic"
"1413","Juwan Howard"
"1414","Juwan Morgan"
"1415","K.J. McDaniels"
"1416","Kadeem Allen"
"1417","Kalin Lucas"
"1418","Kaniel Dickens"
"1419","Kareem Rush"
"1420","Karim Mane"
"1421","Karl-Anthony Towns"
"1422","Karl Malone*"
"1423","Kasib Powell"
"1424","Kawhi Leonard"
"1425","Kay Felder"
"1426","Kebu Stewart"
"1427","Kedrick Brown"
"1428","Keita Bates-Diop"
"1429","Keith Appling"
"1430","Keith Askins"
"1431","Keith Benson"
"1432","Keith Bogans"
"1433","Keith Booth"
"1434","Keith Closs"
"1435","Keith Jennings"
"1436","Keith Langford"
"1437","Keith McLeod"
"1438","Keith Owens"
"1439","Keith Tower"
"1440","Keith Van Horn"
"1441","Kelan Martin"
"1442","Keldon Johnson"
"1443","Kelenna Azubuike"
"1444","Keljin Blevins"
"1445","Kelly McCarty"
"1446","Kelly Olynyk"
"1447","Kelly Oubre Jr."
"1448","Kelly Tripucka"
"1449","Kelvin Cato"
"1450","Kelvin Upshaw"
"1451","Kemba Walker"
"1452","Ken Bannister"
"1453","Ken Johnson"
"1454","Ken Norman"
"1455","Kendall Gill"
"1456","Kendall Marshall"
"1457","Kendrick Nunn"
"1458","Kendrick Perkins"
"1459","Kennard Winchester"
"1460","Kenneth Faried"
"1461","Kenny Anderson"
"1462","Kenny Battle"
"1463","Kenny Gattison"
"1464","Kenny Payne"
"1465","Kenny Satterfield"
"1466","Kenny Smith"
"1467","Kenny Thomas"
"1468","Kenny Walker"
"1469","Kenny Williams"
"1470","Kenrich Williams"
"1471","Kent Bazemore"
"1472","Kentavious Caldwell-Pope"
"1473","Kenyon Martin"
"1474","Kenyon Martin Jr."
"1475","Keon Clark"
"1476","Kerry Kittles"
"1477","Kevin Brooks"
"1478","Kevin Burleson"
"1479","Kevin Duckworth"
"1480","Kevin Durant"
"1481","Kevin Edwards"
"1482","Kevin Gamble"
"1483","Kevin Garnett*"
"1484","Kevin Hervey"
"1485","Kevin Huerter"
"1486","Kevin Johnson"
"1487","Kevin Jones"
"1488","Kevin Knox"
"1489","Kevin Love"
"1490","Kevin Lynch"
"1491","Kevin Martin"
"1492","Kevin McHale*"
"1493","Kevin Murphy"
"1494","Kevin Ollie"
"1495","Kevin Porter Jr."
"1496","Kevin Pritchard"
"1497","Kevin Salvadori"
"1498","Kevin Seraphin"
"1499","Kevin Thompson"
"1500","Kevin Willis"
"1501","Kevinn Pinkney"
"1502","Kevon Looney"
"1503","Keyon Dooling"
"1504","Khalid El-Amin"
"1505","Khalid Reeves"
"1506","Khem Birch"
"1507","Khris Middleton"
"1508","Khyri Thomas"
"1509","Kiki Vandeweghe"
"1510","Killian Hayes"
"1511","Killian Tillie"
"1512","Kim English"
"1513","Kira Lewis Jr."
"1514","Kirk Haston"
"1515","Kirk Hinrich"
"1516","Kirk Penney"
"1517","Kirk Snyder"
"1518","Kiwane Lemorris Garris"
"1519","Klay Thompson"
"1520","Kobe Bryant*"
"1521","Kobi Simmons"
"1522","Korleone Young"
"1523","Kornel David"
"1524","Kosta Koufos"
"1525","Kosta Perovic"
"1526","Kostas Antetokounmpo"
"1527","Kostas Papanikolaou"
"1528","Kris Dunn"
"1529","Kris Humphries"
"1530","Kris Joseph"
"1531","Kristaps Porzingis"
"1532","Kurk Lee"
"1533","Kurt Rambis"
"1534","Kurt Thomas"
"1535","Kwame Brown"
"1536","Ky Bowman"
"1537","Kyle Alexander"
"1538","Kyle Anderson"
"1539","Kyle Collinsworth"
"1540","Kyle Guy"
"1541","Kyle Korver"
"1542","Kyle Kuzma"
"1543","Kyle Lowry"
"1544","Kyle O'Quinn"
"1545","Kyle Singler"
"1546","Kyle Weaver"
"1547","Kyle Wiltjer"
"1548","Kyrie Irving"
"1549","Kyrylo Fesenko"
"1550","KZ Okpala"
"1551","LaBradford Smith"
"1552","Lamar Odom"
"1553","Lamar Patterson"
"1554","Lamar Stevens"
"1555","LaMarcus Aldridge"
"1556","LaMelo Ball"
"1557","Lamond Murray"
"1558","Lamont Strothers"
"1559","Lanard Copeland"
"1560","Lance Allred"
"1561","Lance Blanks"
"1562","Lance Stephenson"
"1563","Lance Thomas"
"1564","Landry Fields"
"1565","Landry Shamet"
"1566","Langston Galloway"
"1567","LaPhonso Ellis"
"1568","Lari Ketner"
"1569","Laron Profit"
"1570","Larry Bird*"
"1571","Larry Drew"
"1572","Larry Drew II"
"1573","Larry Hughes"
"1574","Larry Johnson"
"1575","Larry Krystkowiak"
"1576","Larry Nance"
"1577","Larry Nance Jr."
"1578","Larry Owens"
"1579","Larry Robinson"
"1580","Larry Sanders"
"1581","Larry Smith"
"1582","Larry Stewart"
"1583","Larry Sykes"
"1584","LaSalle Thompson"
"1585","Latrell Sprewell"
"1586","Lauri Markkanen"
"1587","Lavor Postell"
"1588","Lavoy Allen"
"1589","Lawrence Funderburke"
"1590","Lawrence Moten"
"1591","Lawrence Roberts"
"1592","Lazar Hayward"
"1593","Lazaro Borrell"
"1594","Leandro Barbosa"
"1595","LeBron James"
"1596","Ledell Eackles"
"1597","Lee Mayberry"
"1598","Lee Nailon"
"1599","Leon Powe"
"1600","Leon Smith"
"1601","Leon Wood"
"1602","LeRon Ellis"
"1603","Les Jepsen"
"1604","Lester Conner"
"1605","Lester Hudson"
"1606","Linas Kleiza"
"1607","Lindsey Hunter"
"1608","Linton Johnson"
"1609","Lionel Chalmers"
"1610","Lionel Simmons"
"1611","Litterial Green"
"1612","Lloyd Daniels"
"1613","Logan Vander Velden"
"1614","London Perrantes"
"1615","Lonnie Walker"
"1616","Lonny Baxter"
"1617","Lonzo Ball"
"1618","Loren Meyer"
"1619","Loren Woods"
"1620","Lorenzen Wright"
"1621","Lorenzo Brown"
"1622","Lorenzo Williams"
"1623","Lou Amundson"
"1624","Lou Roe"
"1625","Lou Williams"
"1626","Louis King"
"1627","Loy Vaught"
"1628","Luc Longley"
"1629","Luc Mbah a Moute"
"1630","Lucas Nogueira"
"1631","Lucious Harris"
"1632","Luguentz Dort"
"1633","Luis Flores"
"1634","Luis Montero"
"1635","Luis Scola"
"1636","Luka Doncic"
"1637","Luka Samanic"
"1638","Luke Babbitt"
"1639","Luke Harangody"
"1640","Luke Jackson"
"1641","Luke Kennard"
"1642","Luke Kornet"
"1643","Luke Ridnour"
"1644","Luke Schenscher"
"1645","Luke Walton"
"1646","Luke Zeller"
"1647","Luol Deng"
"1648","Luther Head"
"1649","Luther Wright"
"1650","Lynn Greer"
"1651","Maalik Wayns"
"1652","Maceo Baston"
"1653","Maciej Lampe"
"1654","Magic Johnson*"
"1655","Mahmoud Abdul-Rauf"
"1656","Makhtar N'Diaye"
"1657","Malachi Flynn"
"1658","Malachi Richardson"
"1659","Malcolm Brogdon"
"1660","Malcolm Delaney"
"1661","Malcolm Lee"
"1662","Malcolm Mackey"
"1663","Malcolm Miller"
"1664","Malcolm Thomas"
"1665","Malik Allen"
"1666","Malik Beasley"
"1667","Malik Fitts"
"1668","Malik Hairston"
"1669","Malik Monk"
"1670","Malik Newman"
"1671","Malik Rose"
"1672","Malik Sealy"
"1673","Mamadi Diakite"
"1674","Mamadou N'Diaye"
"1675","Mangok Mathiang"
"1676","Manny Harris"
"1677","Manu Ginobili"
"1678","Manute Bol"
"1679","Marc Gasol"
"1680","Marc Jackson"
"1681","Marcelo Huertas"
"1682","Marcin Gortat"
"1683","Marco Belinelli"
"1684","Marcus Banks"
"1685","Marcus Brown"
"1686","Marcus Camby"
"1687","Marcus Cousin"
"1688","Marcus Derrickson"
"1689","Marcus Fizer"
"1690","Marcus Georges-Hunt"
"1691","Marcus Haislip"
"1692","Marcus Landry"
"1693","Marcus Liberty"
"1694","Marcus Morris"
"1695","Marcus Paige"
"1696","Marcus Smart"
"1697","Marcus Thornton"
"1698","Marcus Vinicius"
"1699","Marcus Webb"
"1700","Marcus Williams"
"1701","Mardy Collins"
"1702","Marial Shayok"
"1703","Mario Bennett"
"1704","Mario Chalmers"
"1705","Mario Elie"
"1706","Mario Hezonja"
"1707","Mario Kasun"
"1708","Mario West"
"1709","Mark Acres"
"1710","Mark Aguirre"
"1711","Mark Alarie"
"1712","Mark Baker"
"1713","Mark Blount"
"1714","Mark Bradtke"
"1715","Mark Bryant"
"1716","Mark Davis"
"1717","Mark Eaton"
"1718","Mark Hendrickson"
"1719","Mark Jackson"
"1720","Mark Jones"
"1721","Mark Macon"
"1722","Mark Madsen"
"1723","Mark McNamara"
"1724","Mark Pope"
"1725","Mark Price"
"1726","Mark Randall"
"1727","Mark Strickland"
"1728","Mark West"
"1729","Markel Brown"
"1730","Markelle Fultz"
"1731","Markieff Morris"
"1732","Marko Guduric"
"1733","Marko Jaric"
"1734","Marko Milic"
"1735","Markus Howard"
"1736","Marlon Garnett"
"1737","Marlon Maxey"
"1738","Marques Bolden"
"1739","Marques Bragg"
"1740","Marquese Chriss"
"1741","Marquis Daniels"
"1742","Marquis Teague"
"1743","Marreese Speights"
"1744","Marshall Plumlee"
"1745","MarShon Brooks"
"1746","Martell Webster"
"1747","Martin Lewis"
"1748","Martin Muursepp"
"1749","Marty Conlon"
"1750","Martynas Andriuskevicius"
"1751","Marvin Bagley III"
"1752","Marvin Williams"
"1753","Mason Jones"
"1754","Mason Plumlee"
"1755","Mateen Cleaves"
"1756","Matisse Thybulle"
"1757","Matt Barnes"
"1758","Matt Bonner"
"1759","Matt Bullard"
"1760","Matt Carroll"
"1761","Matt Costello"
"1762","Matt Fish"
"1763","Matt Freije"
"1764","Matt Geiger"
"1765","Matt Harpring"
"1766","Matt Maloney"
"1767","Matt Mooney"
"1768","Matt Othick"
"1769","Matt Steigenga"
"1770","Matt Thomas"
"1771","Matt Walsh"
"1772","Matt Wenstrom"
"1773","Matt Williams"
"1774","Matthew Dellavedova"
"1775","Maurice Ager"
"1776","Maurice Baker"
"1777","Maurice Carter"
"1778","Maurice Cheeks*"
"1779","Maurice Evans"
"1780","Maurice Harkless"
"1781","Maurice Ndour"
"1782","Maurice Taylor"
"1783","Max Strus"
"1784","Maxi Kleber"
"1785","Mehmet Okur"
"1786","Melvin Booker"
"1787","Melvin Ely"
"1788","Melvin Frazier"
"1789","Melvin Newbern"
"1790","Melvin Sanders"
"1791","Mengke Bateer"
"1792","Metta World Peace"
"1793","Meyers Leonard"
"1794","Mfiondu Kabengele"
"1795","Michael Adams"
"1796","Michael Ansley"
"1797","Michael Beasley"
"1798","Michael Bradley"
"1799","Michael Cage"
"1800","Michael Carter-Williams"
"1801","Michael Curry"
"1802","Michael Dickerson"
"1803","Michael Doleac"
"1804","Michael Finley"
"1805","Michael Frazier"
"1806","Michael Gbinije"
"1807","Michael Hawkins"
"1808","Michael Jordan*"
"1809","Michael Kidd-Gilchrist"
"1810","Michael McDonald"
"1811","Michael Olowokandi"
"1812","Michael Porter Jr."
"1813","Michael Redd"
"1814","Michael Ruffin"
"1815","Michael Smith"
"1816","Michael Stewart"
"1817","Micheal Williams"
"1818","Mickael Gelabale"
"1819","Mickael Pietrus"
"1820","Mickell Gladness"
"1821","Mikal Bridges"
"1822","Mike Batiste"
"1823","Mike Bibby"
"1824","Mike Brown"
"1825","Mike Conley"
"1826","Mike Dunleavy"
"1827","Mike Gminski"
"1828","Mike Hall"
"1829","Mike Harris"
"1830","Mike Higgins"
"1831","Mike Iuzzolino"
"1832","Mike James"
"1833","Mike Miller"
"1834","Mike Muscala"
"1835","Mike Penberthy"
"1836","Mike Peplowski"
"1837","Mike Sanders"
"1838","Mike Scott"
"1839","Mike Smith"
"1840","Mike Smrek"
"1841","Mike Sweetney"
"1842","Mike Taylor"
"1843","Mike Tobey"
"1844","Mike Wilks"
"1845","Mike Woodson"
"1846","Mikki Moore"
"1847","Mile Ilic"
"1848","Miles Bridges"
"1849","Miles Plumlee"
"1850","Miles Simon"
"1851","Milos Babic"
"1852","Milos Teodosic"
"1853","Milt Palacio"
"1854","Milt Wagner"
"1855","Milton Doyle"
"1856","Mindaugas Kuzminskas"
"1857","Miroslav Raduljica"
"1858","Mirsad Turkcan"
"1859","Mirza Teletovic"
"1860","Mitch Creek"
"1861","Mitch McGary"
"1862","Mitch Richmond*"
"1863","Mitchell Butler"
"1864","Mitchell Robinson"
"1865","Mitchell Wiggins"
"1866","Miye Oni"
"1867","Mo Bamba"
"1868","Mo Williams"
"1869","Monta Ellis"
"1870","Monte Morris"
"1871","Montrezl Harrell"
"1872","Monty Williams"
"1873","Moochie Norris"
"1874","Mookie Blaylock"
"1875","Moritz Wagner"
"1876","Morlon Wiley"
"1877","Morris Almond"
"1878","Morris Peterson"
"1879","Moses Brown"
"1880","Moses Malone*"
"1881","Mouhamed Sene"
"1882","Muggsy Bogues"
"1883","Mustafa Shakur"
"1884","Mychal Mulder"
"1885","Mychal Thompson"
"1886","Mychel Thompson"
"1887","Myke Henry"
"1888","Myles Turner"
"1889","Myron Brown"
"1890","Naji Marshall"
"1891","Nando De Colo"
"1892","Nassir Little"
"1893","Nate Darling"
"1894","Nate Driggers"
"1895","Nate Hinton"
"1896","Nate Huffman"
"1897","Nate McMillan"
"1898","Nate Robinson"
"1899","Nate Wolters"
"1900","Nathan Jawai"
"1901","Nathan Knight"
"1902","Naz Mitrou-Long"
"1903","Naz Reid"
"1904","Nazr Mohammed"
"1905","Ndudi Ebi"
"1906","Negele Knight"
"1907","Nemanja Bjelica"
"1908","Nemanja Nedovic"
"1909","Nenad Krstic"
"1910","Nene"
"1911","Nerlens Noel"
"1912","Nick Anderson"
"1913","Nick Calathes"
"1914","Nick Collison"
"1915","Nick Fazekas"
"1916","Nick Johnson"
"1917","Nick Richards"
"1918","Nick Van Exel"
"1919","Nick Young"
"1920","Nickeil Alexander-Walker"
"1921","Nico Mannion"
"1922","Nicolas Batum"
"1923","Nicolas Brussino"
"1924","Nicolas Claxton"
"1925","Nicolas Laprovittola"
"1926","Nicolo Melli"
"1927","Nigel Hayes"
"1928","Nigel Williams-Goss"
"1929","Nik Stauskas"
"1930","Nikola Jokic"
"1931","Nikola Mirotic"
"1932","Nikola Pekovic"
"1933","Nikola Vucevic"
"1934","Nikoloz Tskitishvili"
"1935","Noah Vonleh"
"1936","Noel Felix"
"1937","Nolan Smith"
"1938","Norm Richardson"
"1939","Norman Powell"
"1940","Norris Cole"
"1941","Norvel Pelle"
"1942","O.J. Mayo"
"1943","Obi Toppin"
"1944","Obinna Ekezie"
"1945","OG Anunoby"
"1946","Ognjen Kuzmic"
"1947","Okaro White"
"1948","Olden Polynice"
"1949","Oleksiy Pecherov"
"1950","Oliver Lafayette"
"1951","Oliver Miller"
"1952","Olumide Oyedeji"
"1953","Omar Cook"
"1954","Omari Johnson"
"1955","Omari Spellman"
"1956","Omer Asik"
"1957","Omri Casspi"
"1958","Onyeka Okongwu"
"1959","Orien Greene"
"1960","Orlando Johnson"
"1961","Orlando Woolridge"
"1962","Oscar Torres"
"1963","Oshae Brissett"
"1964","Othella Harrington"
"1965","Othello Hunter"
"1966","Othyus Jeffers"
"1967","Otis Smith"
"1968","Otis Thorpe"
"1969","Otto Porter"
"1970","P.J. Brown"
"1971","P.J. Hairston"
"1972","P.J. Tucker"
"1973","P.J. Washington"
"1974","Pablo Prigioni"
"1975","Pape Sow"
"1976","Pape Sy"
"1977","Pascal Siakam"
"1978","Pat Burke"
"1979","Pat Connaughton"
"1980","Pat Cummings"
"1981","Pat Durham"
"1982","Pat Garrity"
"1983","Patricio Garino"
"1984","Patrick Beverley"
"1985","Patrick Christopher"
"1986","Patrick Eddie"
"1987","Patrick Ewing"
"1988","Patrick Ewing*"
"1989","Patrick McCaw"
"1990","Patrick O'Bryant"
"1991","Patrick Patterson"
"1992","Patrick Williams"
"1993","Patty Mills"
"1994","Pau Gasol"
"1995","Paul Davis"
"1996","Paul George"
"1997","Paul Graham"
"1998","Paul Grant"
"1999","Paul McPherson"
"2000","Paul Millsap"
"2001","Paul Mokeski"
"2002","Paul Pierce*"
"2003","Paul Pressey"
"2004","Paul Reed"
"2005","Paul Shirley"
"2006","Paul Watson"
"2007","Paul Zipser"
"2008","Pavel Podkolzin"
"2009","Payton Pritchard"
"2010","Peja Stojakovic"
"2011","Pepe Sanchez"
"2012","Pero Antic"
"2013","Perry Jones"
"2014","Pervis Ellison"
"2015","Pete Chilcutt"
"2016","Pete Myers"
"2017","Peter Aluma"
"2018","Peter John Ramos"
"2019","Peyton Siva"
"2020","Phil Pressey"
"2021","Pierre Jackson"
"2022","PJ Dozier"
"2023","Pooh Richardson"
"2024","Popeye Jones"
"2025","Pops Mensah-Bonsu"
"2026","Precious Achiuwa"
"2027","Predrag Drobnjak"
"2028","Predrag Savovic"
"2029","Priest Lauderdale"
"2030","Primoz Brezec"
"2031","Quentin Richardson"
"2032","Quincy Acy"
"2033","Quincy Douby"
"2034","Quincy Lewis"
"2035","Quincy Miller"
"2036","Quincy Pondexter"
"2037","Quinn Cook"
"2038","Quinndary Weatherspoon"
"2039","Quintin Dailey"
"2040","Quinton Ross"
"2041","Qyntel Woods"
"2042","R.J. Hampton"
"2043","R.J. Hunter"
"2044","Radisav Curcic"
"2045","Raef LaFrentz"
"2046","Rafael Addison"
"2047","Rafael Araujo"
"2048","Rafer Alston"
"2049","Raja Bell"
"2050","Rajon Rondo"
"2051","Rakeem Christmas"
"2052","Ralph Sampson*"
"2053","Ramon Sessions"
"2054","Randell Jackson"
"2055","Randolph Childress"
"2056","Randolph Keys"
"2057","Randolph Morris"
"2058","Randy Breuer"
"2059","Randy Brown"
"2060","Randy Foye"
"2061","Randy Holcomb"
"2062","Randy Livingston"
"2063","Randy White"
"2064","Randy Wittman"
"2065","Randy Woods"
"2066","Rashad McCants"
"2067","Rashad Vaughn"
"2068","Rashard Lewis"
"2069","Rasheed Wallace"
"2070","Rasho Nesterovic"
"2071","Rastko Cvetkovic"
"2072","Rasual Butler"
"2073","Ratko Varda"
"2074","Raul Lopez"
"2075","Raul Neto"
"2076","Rawle Alkins"
"2077","Rawle Marshall"
"2078","Ray Allen*"
"2079","Ray McCallum"
"2080","Ray Owes"
"2081","Ray Spalding"
"2082","Rayjon Tucker"
"2083","Raymond Felton"
"2084","Reece Gaines"
"2085","Reggie Bullock"
"2086","Reggie Evans"
"2087","Reggie Geary"
"2088","Reggie Hanson"
"2089","Reggie Hearn"
"2090","Reggie Jackson"
"2091","Reggie Jordan"
"2092","Reggie Lewis"
"2093","Reggie Miller*"
"2094","Reggie Perry"
"2095","Reggie Slater"
"2096","Reggie Smith"
"2097","Reggie Theus"
"2098","Reggie Williams"
"2099","Renaldo Balkman"
"2100","Renaldo Major"
"2101","Rex Chapman"
"2102","Rex Walters"
"2103","Rich King"
"2104","Rich Manning"
"2105","Richard Coffey"
"2106","Richard Dumas"
"2107","Richard Hamilton"
"2108","Richard Jefferson"
"2109","Richard Petruska"
"2110","Richaun Holmes"
"2111","Richie Frahm"
"2112","Rick Brunson"
"2113","Rick Calloway"
"2114","Rick Fox"
"2115","Rick Hughes"
"2116","Rick Mahorn"
"2117","Rickey Green"
"2118","Ricky Blanton"
"2119","Ricky Davis"
"2120","Ricky Grace"
"2121","Ricky Ledo"
"2122","Ricky Pierce"
"2123","Ricky Rubio"
"2124","Rik Smits"
"2125","RJ Barrett"
"2126","Rob Kurz"
"2127","Robbie Hummel"
"2128","Robert Archibald"
"2129","Robert Churchwell"
"2130","Robert Covington"
"2131","Robert Franks"
"2132","Robert Hite"
"2133","Robert Horry"
"2134","Robert Pack"
"2135","Robert Parish*"
"2136","Robert Reid"
"2137","Robert Sacre"
"2138","Robert Swift"
"2139","Robert Traylor"
"2140","Robert Werdann"
"2141","Robert Whaley"
"2142","Robert Williams"
"2143","Robert Woodard"
"2144","Robin Lopez"
"2145","Rod Higgins"
"2146","Rod Strickland"
"2147","Rodions Kurucs"
"2148","Rodney Buford"
"2149","Rodney Carney"
"2150","Rodney Hood"
"2151","Rodney McCray"
"2152","Rodney McGruder"
"2153","Rodney Monroe"
"2154","Rodney Purvis"
"2155","Rodney Rogers"
"2156","Rodney Stuckey"
"2157","Rodney White"
"2158","Rodrick Rhodes"
"2159","Rodrigue Beaubois"
"2160","Roger Mason"
"2161","Roger Powell"
"2162","Roko Ukic"
"2163","Rolando Blackman"
"2164","Romeo Langford"
"2165","Ron Anderson"
"2166","Ron Baker"
"2167","Ron Grandison"
"2168","Ron Harper"
"2169","Ron Mercer"
"2170","Ronald Dupree"
"2171","Ronald Murray"
"2172","Rondae Hollis-Jefferson"
"2173","Ronnie Brewer"
"2174","Ronnie Price"
"2175","Ronny Turiaf"
"2176","Rony Seikaly"
"2177","Rory Sparrow"
"2178","Roshown McLeod"
"2179","Roy Hibbert"
"2180","Roy Hinson"
"2181","Roy Marble"
"2182","Roy Rogers"
"2183","Roy Tarpley"
"2184","Royal Ivey"
"2185","Royce O'Neale"
"2186","Royce White"
"2187","Ruben Boumtje-Boumtje"
"2188","Ruben Garces"
"2189","Ruben Nembhard"
"2190","Ruben Patterson"
"2191","Ruben Wolkowyski"
"2192","Rudy Fernandez"
"2193","Rudy Gay"
"2194","Rudy Gobert"
"2195","Rui Hachimura"
"2196","Rumeal Robinson"
"2197","Russ Smith"
"2198","Russell Westbrook"
"2199","Rusty LaRue"
"2200","Ryan Anderson"
"2201","Ryan Arcidiacono"
"2202","Ryan Bowen"
"2203","Ryan Broekhoff"
"2204","Ryan Gomes"
"2205","Ryan Hollins"
"2206","Ryan Humphrey"
"2207","Ryan Kelly"
"2208","Ryan Lorthridge"
"2209","Ryan Reid"
"2210","Ryan Robertson"
"2211","Ryan Stack"
"2212","Saben Lee"
"2213","Saddiq Bey"
"2214","Salah Mejri"
"2215","Salim Stoudamire"
"2216","Sam Bowie"
"2217","Sam Cassell"
"2218","Sam Dekker"
"2219","Sam Jacobson"
"2220","Sam Mack"
"2221","Sam Merrill"
"2222","Sam Mitchell"
"2223","Sam Perkins"
"2224","Sam Vincent"
"2225","Sam Young"
"2226","Samaki Walker"
"2227","Samardo Samuels"
"2228","Samuel Dalembert"
"2229","Sarunas Jasikevicius"
"2230","Sarunas Marciulionis*"
"2231","Sasha Danilovic"
"2232","Sasha Kaun"
"2233","Sasha Pavlovic"
"2234","Sasha Vujacic"
"2235","Scot Pollard"
"2236","Scott Brooks"
"2237","Scott Burrell"
"2238","Scott Haffner"
"2239","Scott Haskin"
"2240","Scott Hastings"
"2241","Scott Machado"
"2242","Scott Meents"
"2243","Scott Padgett"
"2244","Scott Skiles"
"2245","Scott Williams"
"2246","Scottie Pippen*"
"2247","Scotty Hopson"
"2248","Sean Colson"
"2249","Sean Elliott"
"2250","Sean Green"
"2251","Sean Higgins"
"2252","Sean Kilpatrick"
"2253","Sean Lampley"
"2254","Sean Marks"
"2255","Sean May"
"2256","Sean McDermott"
"2257","Sean Rooks"
"2258","Sean Singletary"
"2259","Sean Williams"
"2260","Sebastian Telfair"
"2261","Sedale Threatt"
"2262","Sedric Toney"
"2263","Sekou Doumbouya"
"2264","Semaj Christon"
"2265","Semi Ojeleye"
"2266","Semih Erden"
"2267","Serge Ibaka"
"2268","Sergei Bazarevich"
"2269","Sergei Monia"
"2270","Sergey Karasev"
"2271","Sergio Rodriguez"
"2272","Seth Curry"
"2273","Shabazz Muhammad"
"2274","Shabazz Napier"
"2275","Shai Gilgeous-Alexander"
"2276","Shake Milton"
"2277","Shammond Williams"
"2278","Shamorie Ponds"
"2279","Shandon Anderson"
"2280","Shane Battier"
"2281","Shane Edwards"
"2282","Shane Heal"
"2283","Shane Larkin"
"2284","Shannon Brown"
"2285","Shaquille Harrison"
"2286","Shaquille O'Neal*"
"2287","Shareef Abdur-Rahim"
"2288","Sharone Wright"
"2289","Sharrod Ford"
"2290","Shaun Livingston"
"2291","Shavlik Randolph"
"2292","Shawn Bradley"
"2293","Shawn Kemp"
"2294","Shawn Long"
"2295","Shawn Marion"
"2296","Shawn Respert"
"2297","Shawne Williams"
"2298","Shawnelle Scott"
"2299","Shayne Whittington"
"2300","Shea Seals"
"2301","Shelden Williams"
"2302","Sheldon Mac"
"2303","Shelvin Mack"
"2304","Sherell Ford"
"2305","Sherman Douglas"
"2306","Sherron Collins"
"2307","Sidney Green"
"2308","Sidney Moncrief*"
"2309","Sim Bhullar"
"2310","Sindarius Thornwell"
"2311","Skal Labissiere"
"2312","Skeeter Henry"
"2313","Skylar Mays"
"2314","Slavko Vranes"
"2315","Sleepy Floyd"
"2316","Smush Parker"
"2317","Solomon Alabi"
"2318","Solomon Hill"
"2319","Solomon Jones"
"2320","Sonny Weems"
"2321","Soumaila Samake"
"2322","Speedy Claxton"
"2323","Spencer Dinwiddie"
"2324","Spencer Hawes"
"2325","Spud Webb"
"2326","Stacey Augmon"
"2327","Stacey King"
"2328","Stan Kimbrough"
"2329","Stanislav Medvedenko"
"2330","Stanley Jackson"
"2331","Stanley Johnson"
"2332","Stanley Roberts"
"2333","Stanton Kidd"
"2334","Stefano Rusconi"
"2335","Stephane Lasme"
"2336","Stephen Curry"
"2337","Stephen Graham"
"2338","Stephen Howard"
"2339","Stephen Jackson"
"2340","Stephen Thompson"
"2341","Stephen Zimmerman"
"2342","Stephon Marbury"
"2343","Sterling Brown"
"2344","Steve Alford"
"2345","Steve Bardo"
"2346","Steve Blake"
"2347","Steve Burtt"
"2348","Steve Colter"
"2349","Steve Francis"
"2350","Steve Goodrich"
"2351","Steve Hamer"
"2352","Steve Henson"
"2353","Steve Johnson"
"2354","Steve Kerr"
"2355","Steve Nash*"
"2356","Steve Novak"
"2357","Steve Scheffler"
"2358","Steve Smith"
"2359","Steven Adams"
"2360","Steven Hill"
"2361","Steven Hunter"
"2362","Steven Smith"
"2363","Stevin Smith"
"2364","Stojko Vrankovic"
"2365","Stromile Swift"
"2366","Stuart Gray"
"2367","Sun Yue"
"2368","Sundiata Gaines"
"2369","Sviatoslav Mykhailiuk"
"2370","T.J. Ford"
"2371","T.J. Leaf"
"2372","T.J. McConnell"
"2373","T.J. Warren"
"2374","T.R. Dunn"
"2375","Tacko Fall"
"2376","Tahjere McCall"
"2377","Taj Gibson"
"2378","Talen Horton-Tucker"
"2379","Tamar Slay"
"2380","Tang Hamilton"
"2381","Tarence Kinsey"
"2382","Tarik Black"
"2383","Tariq Abdul-Wahad"
"2384","Tariq Owens"
"2385","Tate George"
"2386","Taurean Green"
"2387","Taurean Prince"
"2388","Taylor Griffin"
"2389","Tayshaun Prince"
"2390","Tellis Frank"
"2391","Terance Mann"
"2392","Terence Davis"
"2393","Terence Morris"
"2394","Terrance Ferguson"
"2395","Terrance Roberson"
"2396","Terrel Harris"
"2397","Terrell Brandon"
"2398","Terrence Jones"
"2399","Terrence Rencher"
"2400","Terrence Ross"
"2401","Terrence Williams"
"2402","Terry Catledge"
"2403","Terry Cummings"
"2404","Terry Davis"
"2405","Terry Dehere"
"2406","Terry Mills"
"2407","Terry Porter"
"2408","Terry Rozier"
"2409","Terry Teagle"
"2410","Thabo Sefolosha"
"2411","Thaddeus Young"
"2412","Thanasis Antetokounmpo"
"2413","Tharon Mayes"
"2414","Theo Maledon"
"2415","Theo Pinson"
"2416","Theo Ratliff"
"2417","Theron Smith"
"2418","Thomas Bryant"
"2419","Thomas Gardner"
"2420","Thomas Hamilton"
"2421","Thomas Jordan"
"2422","Thomas Robinson"
"2423","Thomas Welsh"
"2424","Thon Maker"
"2425","Thurl Bailey"
"2426","Tiago Splitter"
"2427","Tibor Pleiss"
"2428","Tierre Brown"
"2429","Tim Breaux"
"2430","Tim Duncan*"
"2431","Tim Frazier"
"2432","Tim Hardaway"
"2433","Tim Hardaway Jr."
"2434","Tim James"
"2435","Tim Kempton"
"2436","Tim Legler"
"2437","Tim McCormick"
"2438","Tim Ohlbrecht"
"2439","Tim Perry"
"2440","Tim Quarterman"
"2441","Tim Thomas"
"2442","Tim Young"
"2443","Timofey Mozgov"
"2444","Timothe Luwawu-Cabarrot"
"2445","Tito Horford"
"2446","Tito Maddox"
"2447","Tobias Harris"
"2448","Toby Bailey"
"2449","Tod Murphy"
"2450","Todd Day"
"2451","Todd Fuller"
"2452","Todd Lichti"
"2453","Todd MacCulloch"
"2454","Todd Mundt"
"2455","Tom Chambers"
"2456","Tom Copa"
"2457","Tom Garrick"
"2458","Tom Gugliotta"
"2459","Tom Hammonds"
"2460","Tom Hovasse"
"2461","Tom Tolbert"
"2462","Tomas Satoransky"
"2463","Toney Douglas"
"2464","Toni Kukoc*"
"2465","Tony Allen"
"2466","Tony Battie"
"2467","Tony Bennett"
"2468","Tony Bobbitt"
"2469","Tony Bradley"
"2470","Tony Brown"
"2471","Tony Campbell"
"2472","Tony Dawson"
"2473","Tony Delk"
"2474","Tony Dumas"
"2475","Tony Farmer"
"2476","Tony Harris"
"2477","Tony Massenburg"
"2478","Tony Mitchell"
"2479","Tony Parker"
"2480","Tony Smith"
"2481","Tony Snell"
"2482","Tony Wroten"
"2483","Tornike Shengelia"
"2484","Torraye Braggs"
"2485","Torrey Craig"
"2486","Toure' Murry"
"2487","Tracy McGrady*"
"2488","Tracy Moore"
"2489","Tracy Murray"
"2490","Trae Young"
"2491","Trajan Langdon"
"2492","Travis Best"
"2493","Travis Diener"
"2494","Travis Hansen"
"2495","Travis Knight"
"2496","Travis Leslie"
"2497","Travis Mays"
"2498","Travis Outlaw"
"2499","Travis Wear"
"2500","Travis Williams"
"2501","Tre Jones"
"2502","Tree Rollins"
"2503","Tremaine Fowlkes"
"2504","Tremont Waters"
"2505","Trent Forrest"
"2506","Trent Tucker"
"2507","Trenton Hassell"
"2508","Treveon Graham"
"2509","Trevon Duval"
"2510","Trevor Ariza"
"2511","Trevor Booker"
"2512","Trevor Ruffin"
"2513","Trevor Wilson"
"2514","Trevor Winter"
"2515","Trey Burke"
"2516","Trey Gilder"
"2517","Trey Johnson"
"2518","Trey Lyles"
"2519","Trey McKinney-Jones"
"2520","Trey Thompkins"
"2521","Tristan Thompson"
"2522","Troy Bell"
"2523","Troy Brown Jr."
"2524","Troy Caupain"
"2525","Troy Daniels"
"2526","Troy Hudson"
"2527","Troy Murphy"
"2528","Troy Williams"
"2529","Ty-Shon Alexander"
"2530","Ty Jerome"
"2531","Ty Lawson"
"2532","Tyler Bey"
"2533","Tyler Cavanaugh"
"2534","Tyler Cook"
"2535","Tyler Davis"
"2536","Tyler Dorsey"
"2537","Tyler Ennis"
"2538","Tyler Hansbrough"
"2539","Tyler Herro"
"2540","Tyler Honeycutt"
"2541","Tyler Johnson"
"2542","Tyler Lydon"
"2543","Tyler Ulis"
"2544","Tyler Zeller"
"2545","Tyreke Evans"
"2546","Tyrell Terry"
"2547","Tyrese Haliburton"
"2548","Tyrese Maxey"
"2549","Tyrone Corbin"
"2550","Tyrone Hill"
"2551","Tyrone Nesby"
"2552","Tyrone Wallace"
"2553","Tyronn Lue"
"2554","Tyrus Thomas"
"2555","Tyshawn Taylor"
"2556","Tyson Chandler"
"2557","Tyson Wheeler"
"2558","Tyus Edney"
"2559","Tyus Jones"
"2560","Udoka Azubuike"
"2561","Udonis Haslem"
"2562","Uros Slokar"
"2563","Vander Blue"
"2564","Vassilis Spanoulis"
"2565","Vern Fleming"
"2566","Vernon Carey Jr."
"2567","Vernon Macklin"
"2568","Vernon Maxwell"
"2569","Viacheslav Kravtsov"
"2570","Vic Law"
"2571","Victor Alexander"
"2572","Victor Claver"
"2573","Victor Oladipo"
"2574","Viktor Khryapa"
"2575","Vin Baker"
"2576","Vince Carter"
"2577","Vince Edwards"
"2578","Vince Hunter"
"2579","Vincent Askew"
"2580","Vincent Poirier"
"2581","Vincent Yarbrough"
"2582","Vincenzo Esposito"
"2583","Vinnie Johnson"
"2584","Vinny Del Negro"
"2585","Vitaly Potapenko"
"2586","Vitor Luiz Faverani"
"2587","Vlade Divac*"
"2588","Vladimir Radmanovic"
"2589","Vladimir Stepania"
"2590","Vlatko Cancar"
"2591","Von Wafer"
"2592","Vonteego Cummings"
"2593","Voshon Lenard"
"2594","Wade Baldwin"
"2595","Walker Russell"
"2596","Wally Szczerbiak"
"2597","Walt Lemon Jr."
"2598","Walt Williams"
"2599","Walter Bond"
"2600","Walter Davis"
"2601","Walter Herrmann"
"2602","Walter McCarty"
"2603","Walter Palmer"
"2604","Walter Sharpe"
"2605","Wang Zhizhi"
"2606","Warren Kidd"
"2607","Wayman Tisdale"
"2608","Wayne Cooper"
"2609","Wayne Ellington"
"2610","Wayne Selden"
"2611","Wayne Simien"
"2612","Wayne Turner"
"2613","Wendell Carter Jr."
"2614","Wenyen Gabriel"
"2615","Wesley Iwundu"
"2616","Wesley Johnson"
"2617","Wesley Matthews"
"2618","Wesley Person"
"2619","Will Barton"
"2620","Will Blalock"
"2621","Will Bynum"
"2622","Will Cherry"
"2623","Will Conroy"
"2624","Will Magnay"
"2625","Will Perdue"
"2626","Will Solomon"
"2627","William Avery"
"2628","William Bedford"
"2629","William Cunningham"
"2630","William Howard"
"2631","Willie Anderson"
"2632","Willie Burton"
"2633","Willie Cauley-Stein"
"2634","Willie Green"
"2635","Willie Reed"
"2636","Willie Warren"
"2637","Willy Hernangomez"
"2638","Wilson Chandler"
"2639","Winston Bennett"
"2640","Winston Garland"
"2641","Xavier Henry"
"2642","Xavier McDaniel"
"2643","Xavier Munford"
"2644","Xavier Rathan-Mayes"
"2645","Xavier Silas"
"2646","Xavier Tillman Sr."
"2647","Yakhouba Diawara"
"2648","Yante Maten"
"2649","Yao Ming*"
"2650","Yaroslav Korolev"
"2651","Yi Jianlian"
"2652","Yinka Dare"
"2653","Yogi Ferrell"
"2654","Yuta Tabuse"
"2655","Yuta Watanabe"
"2656","Zabian Dowdell"
"2657","Zach Collins"
"2658","Zach LaVine"
"2659","Zach Lofton"
"2660","Zach Norvell"
"2661","Zach Randolph"
"2662","Zan Tabak"
"2663","Zarko Cabarkapa"
"2664","Zaza Pachulia"
"2665","Zeke Nnaji"
"2666","Zeljko Rebraca"
"2667","Zendon Hamilton"
"2668","Zhaire Smith"
"2669","Zhou Qi"
"2670","Zion Williamson"
"2671","Zoran Dragic"
"2672","Zoran Planinic"
"2673","Zydrunas Ilgauskas"
"2674","Zylan Cheatham"
