,salary_names
1,A.C. Green
2,A.J. Bramlett
3,A.J. English
4,A.J. Wynder
5,Aaron Brooks
6,Aaron Gordon
7,Aaron Gray
8,Aaron Harrison
9,Aaron Holiday
10,Aaron Jackson
11,Aaron McKie
12,Aaron Miles
13,Aaron Nesmith
14,Aaron Swinson
15,Aaron Williams
16,Abdel Nader
17,Acie Earl
18,Acie Law
19,Adam Haluska
20,Adam Harrington
21,Adam Keefe
22,Adam Mokoka
23,Adam Morrison
24,Ademola Okulaja
25,Admiral Schofield
26,Adonal Foyle
27,Adonis Jordan
28,Adreian Payne
29,Adrian Caldwell
30,Adrian Custis
31,Adrian Dantley
32,Adrian Griffin
33,AJ Guyton
34,AJ Hammons
35,AJ Price
36,Al-Farouq Aminu
37,Al Harrington
38,Al Horford
39,Al Jefferson
40,Al Thornton
41,Alaa Abdelnaby
42,Alan Anderson
43,Alan Bannister
44,Alan Henderson
45,Alan Ogg
46,Alan Williams
47,Alando Tucker
48,Alec Burks
49,Alec Kessler
50,Alec Peters
51,Aleksandar Pavlovic
52,Aleksandar Radojevic
53,Aleksej Pokusevski
54,Alen Smailagic
55,Alex Abrines
56,Alex Acker
57,Alex Blackwell
58,Alex Caruso
59,Alex English
60,Alex Garcia
61,Alex Kirk
62,Alex Len
63,Alex Poythress
64,Alex Scales
65,Alex Stepheson
66,Alex Stivrins
67,Alexander Johnson
68,Alexander Volkov
69,Alexey Shved
70,Alexis Ajinca
71,Alfonzo McKinnie
72,Alize Johnson
73,Allan Houston
74,Allan Ray
75,Allen Crabbe
76,Allen Iverson
77,Allonzo Trier
78,Alonzo Gee
79,Alonzo Mourning
80,Alton Ford
81,Alton Lister
82,Alvin Heggs
83,Alvin Jones
84,Alvin Robertson
85,Alvin Williams
86,Amal McCaskill
87,Amare Stoudemire
88,Amida Brimah
89,Amile Jefferson
90,Amir Coffey
91,Amir Johnson
92,Anderson Varejao
93,Andrae Patterson
94,Andray Blatche
95,Andre Barrett
96,Andre Brown
97,Andre Dawkins
98,Andre Drummond
99,Andre Emmett
100,Andre Iguodala
101,Andre Ingram
102,Andre Miller
103,Andre Owens
104,Andre Roberson
105,Andre Spencer
106,Andre Turner
107,Andrea Bargnani
108,Andreas Glyniadakis
109,Andrei Kirilenko
110,Andres Guibert
111,Andres Nocioni
112,Andrew Bogut
113,Andrew Bynum
114,Andrew DeClercq
115,Andrew Gaze
116,Andrew Goudelock
117,Andrew Harrison
118,Andrew Lang
119,Andrew Nicholson
120,Andrew Toney
121,Andrew White
122,Andrew Wiggins
123,Andris Biedrins
124,Andy Panko
125,Andy Rautins
126,Andy Toolson
127,Anfernee Hardaway
128,Anfernee Simons
129,Angel Delgado
130,Ansu Sesay
131,Antawn Jamison
132,Ante Zizic
133,Anthony Avent
134,Anthony Barber
135,Anthony Bennett
136,Anthony Bonner
137,Anthony Bowie
138,Anthony Brown
139,Anthony Carter
140,Anthony Cook
141,Anthony Davis
142,Anthony Edwards
143,Anthony Frederick
144,Anthony Gill
145,Anthony Goldwire
146,Anthony Johnson
147,Anthony Lamb
148,Anthony Mason
149,Anthony Miller
150,Anthony Morrow
151,Anthony Parker
152,Anthony Peeler
153,Anthony Pullard
154,Anthony Randolph
155,Anthony Roberson
156,Anthony Tolliver
157,Anthony Tucker
158,Antoine Carr
159,Antoine Walker
160,Antoine Wright
161,Antonio Anderson
162,Antonio Blakeney
163,Antonio Burks
164,Antonio Daniels
165,Antonio Davis
166,Antonio Harvey
167,Antonio Lang
168,Antonio McDyess
169,Antonis Fotsis
170,Antonius Cleveland
171,Anzejs Pasecniks
172,Archie Goodwin
173,Arinze Onuaku
174,Armen Gilliam
175,Armon Johnson
176,Armoni Brooks
177,Arnett Moultrie
178,Aron Baynes
179,Arron Afflalo
180,Art Long
181,Arthur Johnson
182,Arvydas Macijauskas
183,Arvydas Sabonis
184,Ashraf Amaya
185,Ashton Hagans
186,Askia Jones
187,Austin Croshere
188,Austin Daye
189,Austin Rivers
190,Avery Bradley
191,Avery Johnson
192,Awvee Storey
193,Axel Toupane
194,B.J. Tyler
195,Bakari Hendrix
196,Bam Adebayo
197,Baron Davis
198,Bart Kofoed
199,Beau Beech
200,Ben Bentil
201,Ben Davis
202,Ben Gordon
203,Ben Handlogten
204,Ben Hansbrough
205,Ben McLemore
206,Ben Moore
207,Ben Simmons
208,Ben Uzoh
209,Ben Wallace
210,Beno Udrih
211,Benoit Benjamin
212,Bernard James
213,Bernard King
214,Bernard Robinson
215,Bill Cartwright
216,Bill Curley
217,Bill Hanzlik
218,Bill Laimbeer
219,Bill Wennington
220,Billy Garrett
221,Billy Owens
222,Billy Preston
223,Billy Thomas
224,Billy Thompson
225,Bimbo Coles
226,Bismack Biyombo
227,Bison Dele
228,BJ Armstrong
229,BJ Johnson
230,BJ Mullens
231,Blair Rasmussen
232,Blake Ahearn
233,Blake Griffin
234,Blue Edwards
235,Bo Kimble
236,Bo Outlaw
237,Bob Hansen
238,Bob Martin
239,Bob McCann
240,Bob Sura
241,Bob Thornton
242,Boban Marjanovic
243,Bobby Brown
244,Bobby Hurley
245,Bobby Jackson
246,Bobby Jones
247,Bobby Phills
248,Bobby Portis
249,Bobby Simmons
250,Bogdan Bogdanovic
251,Bojan Bogdanovic
252,Bol Bol
253,Boniface N'Dong
254,Bonzi Wells
255,Bonzie Colson
256,Boris Diaw
257,Bostjan Nachbar
258,Bracey Wright
259,Brad Daugherty
260,Brad Davis
261,Brad Lohaus
262,Brad Miller
263,Brad Sellers
264,Brad Wanamaker
265,Bradley Beal
266,Brady Heslip
267,Brandan Wright
268,Branden Dawson
269,Brandon Armstrong
270,Brandon Bass
271,Brandon Clarke
272,Brandon Davies
273,Brandon Goodwin
274,Brandon Hunter
275,Brandon Ingram
276,Brandon Jennings
277,Brandon Knight
278,Brandon Paul
279,Brandon Roy
280,Brandon Rush
281,Brandon Sampson
282,Brandon Wallace
283,Brandon Williams
284,Brendan Haywood
285,Brent Barry
286,Brent Price
287,Brent Scott
288,Brett Robisch
289,Brett Szabo
290,Brevin Knight
291,Brian Bowen
292,Brian Cardinal
293,Brian Chase
294,Brian Cook
295,Brian Davis
296,Brian Evans
297,Brian Grant
298,Brian Howard
299,Brian Oliver
300,Brian Quinnett
301,Brian Roberts
302,Brian Scalabrine
303,Brian Shaw
304,Brian Skinner
305,Briante Weber
306,Brice Johnson
307,Britton Johnsen
308,Brodric Thomas
309,Bronson Koenig
310,Brook Lopez
311,Brooks Thompson
312,Bruce Bowen
313,Bruce Brown
314,Bruno Caboclo
315,Bruno Fernando
316,Bruno Sundov
317,Bryant Reeves
318,Bryant Stith
319,Bryce Cotton
320,Bryce Dejean-Jones
321,Bryce Drew
322,Bryn Forbes
323,Bryon Russell
324,Bubba Wells
325,Buck Johnson
326,Buck Williams
327,Buddy Hield
328,Byron Houston
329,Byron Irvin
330,Byron Scott
331,Cal Bowdler
332,Calbert Cheaney
333,Caleb Homesley
334,Caleb Martin
335,Caleb Swanigan
336,Calvin Booth
337,Cam Reddish
338,Cam Reynolds
339,Cameron Bairstow
340,Cameron Johnson
341,Cameron Oliver
342,Cameron Payne
343,Caris LeVert
344,Carl Herrera
345,Carl Landry
346,Carl Thomas
347,Carldell Johnson
348,Carlos Arroyo
349,Carlos Boozer
350,Carlos Delfino
351,Carlos Rogers
352,Carlos Strong
353,Carmelo Anthony
354,Caron Butler
355,Carrick Felix
356,Carsen Edwards
357,Cartier Martin
358,Casey Jacobsen
359,Casey Shaw
360,Casper Ware
361,Cassius Stanley
362,Cassius Winston
363,Cedi Osman
364,Cedric Bozeman
365,Cedric Ceballos
366,Cedric Henderson
367,Cedric Jackson
368,Cedric Simmons
369,Cezary Trybanski
370,Chandler Hutchison
371,Chandler Parsons
372,Channing Frye
373,Charles Barkley
374,Charles Claxton
375,Charles Cooke
376,Charles Jenkins
377,Charles Jones
378,Charles O'Bannon
379,Charles Oakley
380,Charles Shackleford
381,Charles Smith
382,Charles Thomas
383,Charlie Bell
384,Charlie Brown
385,Charlie Villanueva
386,Charlie Ward
387,Chase Budinger
388,Chasson Randle
389,Chauncey Billups
390,Cheick Diallo
391,Cheikh Samb
392,Cherokee Parks
393,Chimezie Metu
394,Chinanu Onuaku
395,Chris Andersen
396,Chris Anstey
397,Chris Babb
398,Chris Bosh
399,Chris Boucher
400,Chris Carr
401,Chris Carrawell
402,Chris Childs
403,Chris Chiozza
404,Chris Clemons
405,Chris Copeland
406,Chris Corchiani
407,Chris Crawford
408,Chris Douglas-Roberts
409,Chris Dudley
410,Chris Duhon
411,Chris Garner
412,Chris Gatling
413,Chris Herren
414,Chris Hunter
415,Chris Jefferies
416,Chris Jent
417,Chris Johnson
418,Chris Kaman
419,Chris King
420,Chris McCray
421,Chris McCullough
422,Chris Mihm
423,Chris Mills
424,Chris Morris
425,Chris Mullin
426,Chris Owens
427,Chris Paul
428,Chris Porter
429,Chris Quinn
430,Chris Richard
431,Chris Robinson
432,Chris Silva
433,Chris Singleton
434,Chris Smith
435,Chris Taft
436,Chris Webber
437,Chris Whitney
438,Chris Wilcox
439,Chris Wright
440,Christapher Johnson
441,Christian Eyenga
442,Christian Laettner
443,Christian Wood
444,Chuck Hayes
445,Chuck Nevitt
446,Chuck Person
447,Chucky Atkins
448,Chucky Brown
449,Chuma Okeke
450,CJ Elleby
451,CJ Fair
452,CJ McCollum
453,CJ Miles
454,CJ Watson
455,CJ Wilcox
456,CJ Williams
457,Clarence Weatherspoon
458,Cleanthony Early
459,Cliff Alexander
460,Cliff Levingston
461,Cliff Robinson
462,Clifford Robinson
463,Clifford Rozier
464,Clint Capela
465,Clint McDaniel
466,Clyde Drexler
467,Coby Karl
468,Coby White
469,Cody Demps
470,Cody Martin
471,Cody Zeller
472,Cole Aldrich
473,Cole Anthony
474,Collin Sexton
475,Constantin Popa
476,Corey Beck
477,Corey Benjamin
478,Corey Brewer
479,Corey Crowder
480,Corey Gaines
481,Corey Maggette
482,Corey Williams
483,Corie Blount
484,Corliss Williamson
485,Corsley Edwards
486,Cory Alexander
487,Cory Carr
488,Cory Higgins
489,Cory Jefferson
490,Cory Joseph
491,Coty Clarke
492,Courtney Alexander
493,Courtney Fortson
494,Courtney Lee
495,Courtney Sims
496,Craig Brackins
497,Craig Ehlo
498,Craig Hodges
499,Craig Smith
500,Cristiano Felicio
501,Curtis Blair
502,Curtis Borchardt
503,Cuttino Mobley
504,D'Angelo Russell
505,D.J. Strawberry
506,Da'Sean Butler
507,Daequan Cook
508,Dahntay Jones
509,Dairis Bertans
510,DaJuan Summers
511,Dajuan Wagner
512,Dakari Johnson
513,Dakota Mathias
514,Dale Davis
515,Dale Ellis
516,Dalibor Bagaric
517,Damian Jones
518,Damian Lillard
519,Damien Inglis
520,Damien Wilkins
521,Damion James
522,Damion Lee
523,Damir Markota
524,Damjan Rudez
525,Damon Bailey
526,Damon Jones
527,Damon Stoudamire
528,Damone Brown
529,Damyean Dotson
530,Dan Dickau
531,Dan Gadzuric
532,Dan Godfread
533,Dan Langhi
534,Dan Majerle
535,Dan O'Sullivan
536,Dana Barros
537,Daniel Ewing
538,Daniel Gafford
539,Daniel Gibson
540,Daniel Hamilton
541,Daniel Horton
542,Daniel Ochefu
543,Daniel Orton
544,Daniel Oturu
545,Daniel Santiago
546,Daniel Theis
547,Danilo Gallinari
548,Danny Ainge
549,Danny Ferry
550,Danny Fortson
551,Danny Granger
552,Danny Green
553,Danny Manning
554,Danny Schayes
555,Danny Young
556,Dante Cunningham
557,Dante Exum
558,Danuel House
559,DaQuan Jeffries
560,Darington Hobson
561,Dario Saric
562,Darius Bazley
563,Darius Garland
564,Darius Johnson-Odom
565,Darius Miles
566,Darius Miller
567,Darius Morris
568,Darius Songaila
569,Darius Washington
570,Darko Milicic
571,Darnell Jackson
572,Darnell Mee
573,Darnell Valentine
574,Darrell Armstrong
575,Darrell Arthur
576,Darrell Griffith
577,Darrell Walker
578,Darren Collison
579,Darren Morningstar
580,Darrick Martin
581,Darrin Hancock
582,Darrun Hilliard
583,Darryl Watkins
584,Darvin Ham
585,Daryl Macon
586,Dave Corzine
587,Dave Feitl
588,Dave Greenwood
589,Dave Hoppen
590,Dave Jamerson
591,Dave Johnson
592,Dave Popson
593,David Andersen
594,David Benoit
595,David Harrison
596,David Lee
597,David Noel
598,David Nwaba
599,David Robinson
600,David Stockton
601,David Vaughn
602,David Wear
603,David Wesley
604,David West
605,David Wingate
606,David Wood
607,Davis Bertans
608,Davon Reed
609,De'Aaron Fox
610,De'Andre Hunter
611,De'Anthony Melton
612,Dean Garrett
613,Dean Oliver
614,Dean Wade
615,Deandre Ayton
616,DeAndre Bembry
617,DeAndre Jordan
618,DeAndre Liggins
619,Dedric Willoughby
620,Dee Brown
621,Deividas Sirvydis
622,Dejounte Murray
623,DeJuan Blair
624,DeJuan Wheat
625,Delaney Rudd
626,Dell Curry
627,Dell Demps
628,Delon Wright
629,Delonte West
630,DeMar DeRozan
631,DeMarco Johnson
632,DeMarcus Cousins
633,DeMarcus Nelson
634,DeMarre Carroll
635,Demetris Nichols
636,Demetrius Jackson
637,Deng Adel
638,Deng Gai
639,Deni Avdija
640,Dennis Hopson
641,Dennis Horner
642,Dennis Rodman
643,Dennis Schroeder
644,Dennis Scott
645,Dennis Smith
646,Denzel Valentine
647,Deonte Burton
648,DeQuan Jones
649,Derek Anderson
650,Derek Fisher
651,Derek Grimm
652,Derek Harper
653,Derek Hood
654,Derek Smith
655,Derek Strong
656,DerMarr Johnson
657,Deron Williams
658,Derrick Alston Sr
659,Derrick Brown
660,Derrick Caracter
661,Derrick Chievous
662,Derrick Coleman
663,Derrick Dial
664,Derrick Favors
665,Derrick Gervin
666,Derrick Jones
667,Derrick McKey
668,Derrick Phelps
669,Derrick Rose
670,Derrick Walton
671,Derrick White
672,Derrick Williams
673,DeSagana Diop
674,DeShawn Stevenson
675,Desmon Farmer
676,Desmond Bane
677,Desmond Mason
678,Detlef Schrempf
679,DeVaughn Akoon-Purcell
680,Devean George
681,Devin Booker
682,Devin Brown
683,Devin Cannady
684,Devin Ebanks
685,Devin Gray
686,Devin Green
687,Devin Harris
688,Devin Robinson
689,Devin Vassell
690,Devon Dotson
691,Devontae Cacok
692,Devonte Graham
693,Devyn Marble
694,Dewan Hernandez
695,Dewayne Dedmon
696,Dexter Cambridge
697,Dexter Pittman
698,Deyonta Davis
699,Diamond Stone
700,Diante Garrett
701,Dickey Simpkins
702,Didi Louzada
703,Didier Ilunga-Mbenga
704,Dijon Thompson
705,Dikembe Mutombo
706,Dillon Brooks
707,Dino Radja
708,Dion Glover
709,Dion Waiters
710,Dionte Christmas
711,Dirk Nowitzki
712,DJ Augustin
713,DJ Kennedy
714,DJ Stephens
715,DJ White
716,DJ Wilson
717,Doc Rivers
718,Domantas Sabonis
719,Dominic McGuire
720,Dominique Jones
721,Dominique Wilkins
722,Don MacLean
723,Don Reid
724,Donald Hodge
725,Donald Royal
726,Donald Sloan
727,Donald Whiteside
728,Donatas Motiejunas
729,Donell Taylor
730,Donnell Harvey
731,Donnie Boyce
732,Donny Marshall
733,Donovan Mitchell
734,Donta Hall
735,Donta Smith
736,Dontae' Jones
737,Donte DiVincenzo
738,Donte Grantham
739,Donte Greene
740,Dontonio Wingfield
741,Donyell Marshall
742,Dorell Wright
743,Dorian Finney-Smith
744,Doron Lamb
745,Doug Christie
746,Doug Edwards
747,Doug Lee
748,Doug McDermott
749,Doug Overton
750,Doug Smith
751,Doug West
752,Dragan Bender
753,Dragan Tarlac
754,Draymond Green
755,Drazen Petrovic
756,Drew Barry
757,Drew Eubanks
758,Drew Gooden
759,Drew Gordon
760,Duane Causwell
761,Duane Cooper
762,Duane Ferrell
763,Duje Dukan
764,Duncan Robinson
765,Dusty Hannahs
766,Dwayne Bacon
767,Dwayne Jones
768,Dwayne Morton
769,Dwayne Schintzius
770,Dwight Buycks
771,Dwight Howard
772,Dwight Powell
773,Dwyane Wade
774,Dylan Windler
775,Dzanan Musa
776,E'Twaun Moore
777,Earl Barron
778,Earl Boykins
779,Earl Clark
780,Earl Cureton
781,Earl Watson
782,Ed Davis
783,Ed Gray
784,Ed Nealy
785,Ed O'Bannon
786,Ed Pinckney
787,Ed Stokes
788,Eddie Basden
789,Eddie Gill
790,Eddie Griffin
791,Eddie House
792,Eddie Johnson
793,Eddie Jones
794,Eddie Lee Wilkins
795,Eddie Robinson
796,Eddy Curry
797,Edmond Sumner
798,Eduardo Najera
799,Efthimios Rentzias
800,Egidijus Mockevicius
801,EJ Singler
802,Ekpe Udoh
803,Elden Campbell
804,Eldridge Recasner
805,Elfrid Payton
806,Elgin Cook
807,Elias Harris
808,Elie Okobo
809,Elijah Bryant
810,Elijah Hughes
811,Elijah Millsap
812,Elliot Perry
813,Elliot Williams
814,Elmer Bennett
815,Elmore Spencer
816,Elton Brand
817,Emanual Davis
818,Emanuel Terry
819,Emeka Okafor
820,Emmanuel Mudiay
821,Enes Kanter
822,Ennis Whatley
823,Eric Anderson
824,Eric Bledsoe
825,Eric Gordon
826,Eric Griffin
827,Eric Leckner
828,Eric Maynor
829,Eric Mobley
830,Eric Montross
831,Eric Moreland
832,Eric Murdock
833,Eric Paschall
834,Eric Piatkowski
835,Eric Riley
836,Eric Snow
837,Eric Washington
838,Eric Williams
839,Erick Barkley
840,Erick Dampier
841,Erick Green
842,Erick Strickland
843,Erik Daniels
844,Erik McCree
845,Erik Murphy
846,Ernest Brown
847,Ersan Ilyasova
848,Ervin Johnson
849,Esteban Batista
850,Etan Thomas
851,Etdrick Bohannon
852,Evan Eschmeyer
853,Evan Fournier
854,Evan Turner
855,Evers Burns
856,Fab Melo
857,Fabricio Oberto
858,Facundo Campazzo
859,Fat Lever
860,Felipe Lopez
861,Felton Spencer
862,Festus Ezeli
863,Francisco Elson
864,Francisco Garcia
865,Frank Brickowski
866,Frank Jackson
867,Frank Johnson
868,Frank Kaminsky
869,Frank Kornet
870,Frank Mason
871,Frank Ntilikina
872,Frank Williams
873,Frankie King
874,Fred Hoiberg
875,Fred Jones
876,Fred Roberts
877,Fred VanVleet
878,Fred Vinson
879,Freddie Gillespie
880,Frederic Weis
881,Furkan Aldemir
882,Furkan Korkmaz
883,Gabe Pruitt
884,Gabe Vincent
885,Gabriel Deck
886,Gal Mekel
887,Gani Lawal
888,Garret Siler
889,Garrett Temple
890,Garrison Mathews
891,Garth Joseph
892,Gary Alexander
893,Gary Clark
894,Gary Forbes
895,Gary Grant
896,Gary Harris
897,Gary Leonard
898,Gary Neal
899,Gary Payton
900,Gary Payton II
901,Gary Plummer
902,Gary Trent
903,Gary Trent Jr
904,Gaylon Nickerson
905,Geert Hammink
906,Geno Carlisle
907,George Hill
908,George King
909,George Lynch
910,George McCloud
911,George Zidek
912,Georges Niang
913,Georgios Papagiannis
914,Gerald Brown
915,Gerald Fitch
916,Gerald Glass
917,Gerald Green
918,Gerald Henderson
919,Gerald Madkins
920,Gerald Paddio
921,Gerald Wallace
922,Gerald Wilkins
923,Gerard King
924,Gheorghe Muresan
925,Gian Clavell
926,Giannis Antetokounmpo
927,Gigi Datome
928,Gilbert Arenas
929,Glen Davis
930,Glen Rice
931,Glen Rice Jr
932,Glenn Robinson
933,Glenn Robinson III
934,God Shammgod
935,Goga Bitadze
936,Goran Dragic
937,Gordan Giricek
938,Gordon Hayward
939,Gorgui Dieng
940,Grady Livingston
941,Grant Hill
942,Grant Jerrett
943,Grant Long
944,Grant Riller
945,Grant Williams
946,Grayson Allen
947,Greg Anderson
948,Greg Anthony
949,Greg Buckner
950,Greg Dreiling
951,Greg Foster
952,Greg Graham
953,Greg Grant
954,Greg Kite
955,Greg Minor
956,Greg Monroe
957,Greg Oden
958,Greg Ostertag
959,Greg Smith
960,Greg Stiemsma
961,Greg Sutton
962,Greg Whittington
963,Greivis Vasquez
964,Guerschon Yabusele
965,Guillermo Diaz
966,Gundars Vetra
967,Gustavo Ayon
968,Guy Rucker
969,Ha Seung-Jin
970,Hakeem Olajuwon
971,Hakim Warrick
972,Hamady N'Diaye
973,Hamed Haddadi
974,Hamidou Diallo
975,Hanno Mottola
976,Harold Ellis
977,Harold Jamison
978,Harold Miner
979,Harrison Barnes
980,Harry Giles
981,Harvey Grant
982,Hasheem Thabeet
983,Hassan Adams
984,Hassan Whiteside
985,Haywood Highsmith
986,Haywoode Workman
987,Henry Ellenson
988,Henry James
989,Henry Sims
990,Henry Turner
991,Henry Walker
992,Herb Williams
993,Herbert Hill
994,Hersey Hawkins
995,Hidayet Turkoglu
996,Hilton Armstrong
997,Hollis Thompson
998,Horace Grant
999,Horace Jenkins
1000,Horacio Llamas Grey
1001,Hot Rod Williams
1002,Howard Eisley
1003,Howard Nathan
1004,Hubert Davis
1005,Iakovos Tsakalidis
1006,Ian Clark
1007,Ian Lockhart
1008,Ian Mahinmi
1009,Ibo Kutluay
1010,Ignas Brazdeikis
1011,Igor Rakocevic
1012,Ike Anigbogu
1013,Ike Diogu
1014,Iman Shumpert
1015,Ime Udoka
1016,Immanuel Quickley
1017,Ira Bowman
1018,Ira Newble
1019,Irving Thomas
1020,Isaac Austin
1021,Isaac Bonga
1022,Isaac Humphries
1023,Isaac Okoro
1024,Isaiah Briscoe
1025,Isaiah Canaan
1026,Isaiah Cousins
1027,Isaiah Hartenstein
1028,Isaiah Hicks
1029,Isaiah Joe
1030,Isaiah Morris
1031,Isaiah Rider
1032,Isaiah Roby
1033,Isaiah Stewart
1034,Isaiah Taylor
1035,Isaiah Thomas
1036,Isaiah Whitehead
1037,Ishmael Smith
1038,Isiah Thomas
1039,Ivan Johnson
1040,Ivan McFarlin
1041,Ivan Rabb
1042,Ivano Newbill
1043,Ivica Zubac
1044,J.R. Henderson
1045,J.R. Reid
1046,Ja Morant
1047,Jabari Bird
1048,Jabari Brown
1049,Jabari Parker
1050,Jabari Smith
1051,Jack Cooley
1052,Jack Haley
1053,Jack Sikma
1054,Jackie Butler
1055,Jackson Vroman
1056,Jacob Evans
1057,Jacob Pullen
1058,Jacob Wiley
1059,Jacque Vaughn
1060,Jaden McDaniels
1061,Jae'Sean Tate
1062,Jae Crowder
1063,Jahidi White
1064,Jahlil Okafor
1065,Jahmi'us Ramsey
1066,JaJuan Johnson
1067,JaKarr Sampson
1068,Jake Layman
1069,Jake Voskuhl
1070,Jakob Poeltl
1071,Jalen Brunson
1072,Jalen Harris
1073,Jalen Jones
1074,Jalen Lecque
1075,Jalen McDaniels
1076,Jalen Rose
1077,Jalen Smith
1078,Jamaal Franklin
1079,Jamaal Magloire
1080,Jamaal Tinsley
1081,Jamal Crawford
1082,Jamal Mashburn
1083,Jamal Murray
1084,Jamal Robinson
1085,Jamal Sampson
1086,Jamario Moon
1087,Jameel Warney
1088,Jameer Nelson
1089,Jamel Artis
1090,Jamel Thomas
1091,James Anderson
1092,James Augustine
1093,James Collins
1094,James Cotton
1095,James Donaldson
1096,James Edwards
1097,James Ennis
1098,James Harden
1099,James Johnson
1100,James Jones
1101,James Lang
1102,James Michael McAdoo
1103,James Nunnally
1104,James Posey
1105,James Robinson
1106,James Scott
1107,James Singleton
1108,James Southerland
1109,James Thomas
1110,James Webb
1111,James White
1112,James Wiseman
1113,James Worthy
1114,James Young
1115,JamesOn Curry
1116,Jamie Feick
1117,Jamie Watson
1118,Jamil Wilson
1119,Jamison Brewer
1120,JaMychal Green
1121,Jan Vesely
1122,Jannero Pargo
1123,Jared Cunningham
1124,Jared Dudley
1125,Jared Harper
1126,Jared Jeffries
1127,Jared Reiner
1128,Jared Sullinger
1129,Jared Terrell
1130,Jarell Eddie
1131,Jarell Martin
1132,Jaren Jackson
1133,Jarnell Stokes
1134,Jaron Blossomgame
1135,Jarred Vanderbilt
1136,Jarrell Brantley
1137,Jarrett Allen
1138,Jarrett Culver
1139,Jarrett Jack
1140,Jarrod Uthoff
1141,Jarron Collins
1142,Jarvis Hayes
1143,Jarvis Varnado
1144,Jason Caffey
1145,Jason Collier
1146,Jason Collins
1147,Jason Hart
1148,Jason Kapono
1149,Jason Kidd
1150,Jason Lawson
1151,Jason Maxiell
1152,Jason Miskiri
1153,Jason Richardson
1154,Jason Sasser
1155,Jason Smith
1156,Jason Terry
1157,Jason Thompson
1158,Jason Williams
1159,JaVale McGee
1160,Javaris Crittenton
1161,Javonte Green
1162,Jawad Williams
1163,Jawann Oldham
1164,Jawun Evans
1165,Jaxson Hayes
1166,Jay Guidinger
1167,Jay Humphries
1168,Jay Scrubb
1169,Jay Williams
1170,Jaylen Adams
1171,Jaylen Brown
1172,Jaylen Hoard
1173,Jaylen Johnson
1174,Jaylen Morris
1175,Jaylen Nowell
1176,Jayson Tatum
1177,Jayson Williams
1178,Jeff Adrien
1179,Jeff Ayres
1180,Jeff Foote
1181,Jeff Foster
1182,Jeff Grayer
1183,Jeff Green
1184,Jeff Hornacek
1185,Jeff Malone
1186,Jeff Martin
1187,Jeff McInnis
1188,Jeff Nordgaard
1189,Jeff Sanders
1190,Jeff Teague
1191,Jeff Trepagnier
1192,Jeff Turner
1193,Jeff Webster
1194,Jeff Withey
1195,Jefferson Sobral
1196,Jeffery Taylor
1197,Jeffrey Sheppard
1198,Jelani McCoy
1199,Jemerrio Jones
1200,Jerald Honeycutt
1201,Jerami Grant
1202,Jerel McNeal
1203,Jeremiah Martin
1204,Jeremy Evans
1205,Jeremy Lamb
1206,Jeremy Lin
1207,Jeremy Pargo
1208,Jeremy Richardson
1209,Jeremy Tyler
1210,Jerian Grant
1211,Jermaine Jackson
1212,Jermaine O'Neal
1213,Jermaine Taylor
1214,Jermaine Walker
1215,Jermareo Davidson
1216,Jerome Allen
1217,Jerome Beasley
1218,Jerome James
1219,Jerome Jordan
1220,Jerome Kersey
1221,Jerome Lane
1222,Jerome Moiso
1223,Jerome Robinson
1224,Jerome Williams
1225,Jerrod Mustaf
1226,Jerry Reynolds
1227,Jerry Stackhouse
1228,Jerryd Bayless
1229,Jeryl Sasser
1230,Jevon Carter
1231,Jim Grandholm
1232,Jim Jackson
1233,Jim Les
1234,Jim McIlvaine
1235,Jim Paxson
1236,Jim Petersen
1237,Jimmer Fredette
1238,Jimmie Hunter
1239,Jimmy Butler
1240,Jimmy King
1241,Jimmy Oliver
1242,Jiri Welsch
1243,JJ Hickson
1244,JJ O'Brien
1245,JJ Redick
1246,Jo Jo English
1247,Joakim Noah
1248,Jodie Meeks
1249,Joe Alexander
1250,Joe Barry Carroll
1251,Joe Chealey
1252,Joe Courtney
1253,Joe Crispin
1254,Joe Dumars
1255,Joe Harris
1256,Joe Ingles
1257,Joe Johnson
1258,Joe Kleine
1259,Joe Smith
1260,Joe Stephens
1261,Joe Wolf
1262,Joel Anthony
1263,Joel Bolomboy
1264,Joel Embiid
1265,Joel Freeland
1266,Joel Przybilla
1267,Joey Dorsey
1268,Joey Graham
1269,Joffrey Lauvergne
1270,Johan Petro
1271,John Amaechi
1272,John Bagley
1273,John Battle
1274,John Celestand
1275,John Coker
1276,John Collins
1277,John Crotty
1278,John Edwards
1279,John Henson
1280,John Holland
1281,John Jenkins
1282,John Konchar
1283,John Long
1284,John Lucas
1285,John Morton
1286,John Paxson
1287,John Salley
1288,John Salmons
1289,John Shasky
1290,John Starks
1291,John Stockton
1292,John Thomas
1293,John Turner
1294,John Wall
1295,John Wallace
1296,John Williams
1297,Johnathan Motley
1298,Johnathan Williams
1299,Johnny Dawkins
1300,Johnny Newman
1301,Johnny O'Bryant
1302,Johnny Taylor
1303,Jon Barry
1304,Jon Brockman
1305,Jon Koncak
1306,Jon Leuer
1307,Jon Stefansson
1308,Jon Sundvold
1309,Jonah Bolden
1310,Jonas Jerebko
1311,Jonas Valanciunas
1312,Jonathan Bender
1313,Jonathan Gibson
1314,Jonathan Holmes
1315,Jonathan Isaac
1316,Jonathan Kerner
1317,Jonathon Simmons
1318,Jonny Flynn
1319,Jontay Porter
1320,Jordan Adams
1321,Jordan Bell
1322,Jordan Bone
1323,Jordan Clarkson
1324,Jordan Crawford
1325,Jordan Farmar
1326,Jordan Hamilton
1327,Jordan Hill
1328,Jordan Loyd
1329,Jordan McLaughlin
1330,Jordan McRae
1331,Jordan Mickey
1332,Jordan Nwora
1333,Jordan Poole
1334,Jordan Sibert
1335,Jordan Williams
1336,Jorge Garbajosa
1337,Jorge Gutierrez
1338,Jose Calderon
1339,Jose Juan Barea
1340,Joseph Forte
1341,Joseph Young
1342,Josh Akognon
1343,Josh Boone
1344,Josh Childress
1345,Josh Davis
1346,Josh Grant
1347,Josh Gray
1348,Josh Green
1349,Josh Hall
1350,Josh Harrellson
1351,Josh Hart
1352,Josh Howard
1353,Josh Huestis
1354,Josh Jackson
1355,Josh Magette
1356,Josh McRoberts
1357,Josh Moore
1358,Josh Okogie
1359,Josh Powell
1360,Josh Reaves
1361,Josh Richardson
1362,Josh Selby
1363,Josh Smith
1364,JP Macura
1365,JP Tokoto
1366,JR Bremer
1367,JR Giddens
1368,JR Smith
1369,Jrue Holiday
1370,Juan Carlos Navarro
1371,Juan Dixon
1372,Juan Hernangomez
1373,Juan Toscano-Anderson
1374,Juaquin Hawkins
1375,Jud Buechler
1376,Julian Washburn
1377,Julian Wright
1378,Julius Hodge
1379,Julius Nwosu
1380,Julius Randle
1381,Julyan Stone
1382,Jumaine Jones
1383,Junior Burrough
1384,Junior Harrington
1385,Justin Anderson
1386,Justin Bibbs
1387,Justin Dentmon
1388,Justin Hamilton
1389,Justin Harper
1390,Justin Holiday
1391,Justin Jackson
1392,Justin James
1393,Justin Patton
1394,Justin Reed
1395,Justin Robinson
1396,Justin Williams
1397,Justin Wright-Foreman
1398,Justise Winslow
1399,Jusuf Nurkic
1400,Juwan Howard
1401,Juwan Morgan
1402,Kadeem Allen
1403,Kaleb Tarczewski
1404,Kalin Lucas
1405,Kaniel Dickens
1406,Kareem Rush
1407,Kareem Townes
1408,Karim Mane
1409,Karl-Anthony Towns
1410,Karl Malone
1411,Kawhi Leonard
1412,Kay Felder
1413,Kebu Stewart
1414,Kedrick Brown
1415,Keenan Evans
1416,Keita Bates-Diop
1417,Keith Appling
1418,Keith Askins
1419,Keith Benson
1420,Keith Bogans
1421,Keith Booth
1422,Keith Closs
1423,Keith Jennings
1424,Keith Langford
1425,Keith McLeod
1426,Keith Owens
1427,Keith Tower
1428,Keith Van Horn
1429,Kelan Martin
1430,Keldon Johnson
1431,Kelenna Azubuike
1432,Keljin Blevins
1433,Kelly McCarty
1434,Kelly Olynyk
1435,Kelly Oubre
1436,Kelly Tripucka
1437,Kelvin Cato
1438,Kelvin Upshaw
1439,Kemba Walker
1440,Ken Bannister
1441,Ken Johnson
1442,Ken Norman
1443,Kendall Gill
1444,Kendall Marshall
1445,Kendrick Nunn
1446,Kendrick Perkins
1447,Kennard Winchester
1448,Kenneth Faried
1449,Kenny Anderson
1450,Kenny Battle
1451,Kenny Gattison
1452,Kenny Payne
1453,Kenny Satterfield
1454,Kenny Smith
1455,Kenny Thomas
1456,Kenny Walker
1457,Kenny Williams
1458,Kenny Wooten
1459,Kenrich Williams
1460,Kent Bazemore
1461,Kentavious Caldwell-Pope
1462,Kenyon Martin
1463,Keon Clark
1464,Kerry Kittles
1465,Kevin Brooks
1466,Kevin Burleson
1467,Kevin Duckworth
1468,Kevin Durant
1469,Kevin Edwards
1470,Kevin Gamble
1471,Kevin Garnett
1472,Kevin Hervey
1473,Kevin Huerter
1474,Kevin Johnson
1475,Kevin Jones
1476,Kevin Knox
1477,Kevin Love
1478,Kevin Lynch
1479,Kevin Martin
1480,Kevin McHale
1481,Kevin Murphy
1482,Kevin Ollie
1483,Kevin Pittsnogle
1484,Kevin Porter
1485,Kevin Pritchard
1486,Kevin Rankin
1487,Kevin Salvadori
1488,Kevin Seraphin
1489,Kevin Thompson
1490,Kevin Willis
1491,Kevon Looney
1492,Keyon Dooling
1493,Khalid El-Amin
1494,Khalid Reeves
1495,Khem Birch
1496,Khris Middleton
1497,Khyri Thomas
1498,Kiki Vandeweghe
1499,Killian Hayes
1500,Killian Tillie
1501,Kim English
1502,Kira Lewis
1503,Kirk Haston
1504,Kirk Hinrich
1505,Kirk Snyder
1506,Kiwane Garris
1507,KJ Martin
1508,KJ McDaniels
1509,Klay Thompson
1510,Kobe Bryant
1511,Kobi Simmons
1512,Korleone Young
1513,Kornel David
1514,Kosta Koufos
1515,Kosta Perovic
1516,Kostas Antetokounmpo
1517,Kostas Papanikolaou
1518,Kris Dunn
1519,Kris Humphries
1520,Kris Joseph
1521,Kristaps Porzingis
1522,Kurk Lee
1523,Kurt Rambis
1524,Kurt Thomas
1525,Kwame Brown
1526,Ky Bowman
1527,Kyle Alexander
1528,Kyle Anderson
1529,Kyle Collinsworth
1530,Kyle Guy
1531,Kyle Korver
1532,Kyle Kuzma
1533,Kyle Lowry
1534,Kyle O'Quinn
1535,Kyle Singler
1536,Kyle Weaver
1537,Kyle Wiltjer
1538,Kyrie Irving
1539,Kyrylo Fesenko
1540,KZ Okpala
1541,LaBradford Smith
1542,Lamar Odom
1543,Lamar Patterson
1544,Lamar Stevens
1545,LaMarcus Aldridge
1546,LaMarcus Golden
1547,LaMelo Ball
1548,Lamond Murray
1549,Lamont Strothers
1550,Lanard Copeland
1551,Lance Blanks
1552,Lance Stephenson
1553,Lance Thomas
1554,Landry Fields
1555,Landry Nnoko
1556,Landry Shamet
1557,Langston Galloway
1558,LaPhonso Ellis
1559,Lari Ketner
1560,Laron Profit
1561,Larry Bird
1562,Larry Drew
1563,Larry Drew II
1564,Larry Hughes
1565,Larry Johnson
1566,Larry Krystkowiak
1567,Larry Nance
1568,Larry Nance Jr
1569,Larry Owens
1570,Larry Robinson
1571,Larry Sanders
1572,Larry Smith
1573,Larry Stewart
1574,Larry Sykes
1575,LaSalle Thompson
1576,Latrell Sprewell
1577,Lauri Markkanen
1578,Lavor Postell
1579,Lavoy Allen
1580,Lawrence Funderburke
1581,Lawrence Moten
1582,Lawrence Roberts
1583,Lazar Hayward
1584,Lazaro Borrell
1585,Leandro Barbosa
1586,LeBron James
1587,Ledell Eackles
1588,Lee Mayberry
1589,Lee Nailon
1590,Leon Powe
1591,Leon Smith
1592,LeRon Ellis
1593,Les Jepsen
1594,Lester Conner
1595,Lester Hudson
1596,Linas Kleiza
1597,Lindsey Hunter
1598,Linton Johnson
1599,Lionel Chalmers
1600,Lionel Simmons
1601,Litterial Green
1602,Livio Jean-Charles
1603,Lloyd Daniels
1604,Logan Vander Velden
1605,London Perrantes
1606,Lonnie Walker
1607,Lonny Baxter
1608,Lonzo Ball
1609,Loren Meyer
1610,Loren Woods
1611,Lorenzen Wright
1612,Lorenzo Brown
1613,Lorenzo Williams
1614,Lou Roe
1615,Louis Amundson
1616,Louis Bullock
1617,Louis King
1618,Louis Williams
1619,Loy Vaught
1620,Luc Longley
1621,Luc Mbah a Moute
1622,Luca Vildoza
1623,Lucas Nogueira
1624,Lucious Harris
1625,Luguentz Dort
1626,Luis Flores
1627,Luis Montero
1628,Luis Scola
1629,Luka Doncic
1630,Luka Samanic
1631,Luke Babbitt
1632,Luke Harangody
1633,Luke Jackson
1634,Luke Kennard
1635,Luke Kornet
1636,Luke Ridnour
1637,Luke Schenscher
1638,Luke Walton
1639,Luke Zeller
1640,Luol Deng
1641,Luther Head
1642,Luther Wright
1643,Lynn Greer
1644,Maalik Wayns
1645,Maceo Baston
1646,Maciej Lampe
1647,Magic Johnson
1648,Mahmoud Abdul-Rauf
1649,Makhtar N'Diaye
1650,Malachi Flynn
1651,Malachi Richardson
1652,Malcolm Brogdon
1653,Malcolm Delaney
1654,Malcolm Huckaby
1655,Malcolm Lee
1656,Malcolm Mackey
1657,Malcolm Miller
1658,Malcolm Thomas
1659,Malik Allen
1660,Malik Beasley
1661,Malik Fitts
1662,Malik Hairston
1663,Malik Monk
1664,Malik Newman
1665,Malik Rose
1666,Malik Sealy
1667,Mamadi Diakite
1668,Mamadou N'diaye
1669,Mangok Mathiang
1670,Manny Harris
1671,Manu Ginobili
1672,Manute Bol
1673,Marc Gasol
1674,Marc Jackson
1675,Marcelo Huertas
1676,Marcin Gortat
1677,Marco Belinelli
1678,Marcus Banks
1679,Marcus Brown
1680,Marcus Camby
1681,Marcus Derrickson
1682,Marcus Fizer
1683,Marcus Georges-Hunt
1684,Marcus Haislip
1685,Marcus Landry
1686,Marcus Liberty
1687,Marcus Mann
1688,Marcus Morris
1689,Marcus Paige
1690,Marcus Smart
1691,Marcus Thornton
1692,Marcus Thornton II
1693,Marcus Vinicius
1694,Marcus Webb
1695,Marcus Williams
1696,Mardy Collins
1697,Marial Shayok
1698,Mario Bennett
1699,Mario Chalmers
1700,Mario Elie
1701,Mario Hezonja
1702,Mario Kasun
1703,Mario West
1704,Mark Acres
1705,Mark Aguirre
1706,Mark Alarie
1707,Mark Blount
1708,Mark Bradtke
1709,Mark Bryant
1710,Mark Davis
1711,Mark Eaton
1712,Mark Hendrickson
1713,Mark Hughes
1714,Mark Jackson
1715,Mark Karcher
1716,Mark Macon
1717,Mark Madsen
1718,Mark Pope
1719,Mark Price
1720,Mark Randall
1721,Mark Strickland
1722,Mark West
1723,Markel Brown
1724,Markelle Fultz
1725,Markieff Morris
1726,Marko Guduric
1727,Marko Jaric
1728,Marko Milic
1729,Markus Howard
1730,Marlon Garnett
1731,Marlon Maxey
1732,Marques Bolden
1733,Marques Bragg
1734,Marquese Chriss
1735,Marquis Daniels
1736,Marquis Teague
1737,Marreese Speights
1738,Marshall Plumlee
1739,MarShon Brooks
1740,Martell Webster
1741,Martin Lewis
1742,Martin Muursepp
1743,Marty Conlon
1744,Martynas Andriuskevicius
1745,Marvin Bagley
1746,Marvin Williams
1747,Mason Jones
1748,Mason Plumlee
1749,Mate Skelin
1750,Mateen Cleaves
1751,Matisse Thybulle
1752,Matt Barnes
1753,Matt Bonner
1754,Matt Bullard
1755,Matt Carroll
1756,Matt Costello
1757,Matt Fish
1758,Matt Freije
1759,Matt Geiger
1760,Matt Harpring
1761,Matt Janning
1762,Matt Maloney
1763,Matt Mooney
1764,Matt Othick
1765,Matt Thomas
1766,Matt Walsh
1767,Matt Wenstrom
1768,Matt Williams
1769,Matthew Dellavedova
1770,Maurice Ager
1771,Maurice Cheeks
1772,Maurice Evans
1773,Maurice Ndour
1774,Maurice Taylor
1775,Maurice Williams
1776,Max Strus
1777,Maxi Kleber
1778,Mehmet Okur
1779,Melvin Ely
1780,Melvin Frazier
1781,Melvin Robinson
1782,Melvin Sanders
1783,Mengke Bateer
1784,Metta World Peace
1785,Meyers Leonard
1786,Mfiondu Kabengele
1787,Michael Adams
1788,Michael Ansley
1789,Michael Beasley
1790,Michael Bradley
1791,Michael Cage
1792,Michael Carter-Williams
1793,Michael Curry
1794,Michael Dickerson
1795,Michael Doleac
1796,Michael Finley
1797,Michael Frazier
1798,Michael Gbinije
1799,Michael Hawkins
1800,Michael Jordan
1801,Michael Kidd-Gilchrist
1802,Michael Olowokandi
1803,Michael Porter
1804,Michael Redd
1805,Michael Ruffin
1806,Michael Smith
1807,Michael Stewart
1808,Michael Young
1809,Micheal Eric
1810,Micheal Williams
1811,Mickael Gelabale
1812,Mickael Pietrus
1813,Mickell Gladness
1814,Mikal Bridges
1815,Mike Batiste
1816,Mike Bibby
1817,Mike Brown
1818,Mike Conley
1819,Mike Dunleavy
1820,Mike Gansey
1821,Mike Gminski
1822,Mike Hall
1823,Mike Harris
1824,Mike Holton
1825,Mike Iuzzolino
1826,Mike James
1827,Mike Miller
1828,Mike Muscala
1829,Mike Penberthy
1830,Mike Peplowski
1831,Mike Sanders
1832,Mike Scott
1833,Mike Smith
1834,Mike Smrek
1835,Mike Sweetney
1836,Mike Taylor
1837,Mike Tobey
1838,Mike Wilks
1839,Mike Woodson
1840,Mikki Moore
1841,Mile Ilic
1842,Miles Bridges
1843,Miles Plumlee
1844,Miles Simon
1845,Milos Babic
1846,Milos Teodosic
1847,Milt Palacio
1848,Milton Doyle
1849,Mindaugas Kuzminskas
1850,Miroslav Raduljica
1851,Mirsad Turkcan
1852,Mirza Teletovic
1853,Mitch Creek
1854,Mitch McGary
1855,Mitch Richmond
1856,Mitchell Butler
1857,Mitchell Creek
1858,Mitchell Robinson
1859,Mitchell Wiggins
1860,Miye Oni
1861,Mo Bamba
1862,Moe Harkless
1863,Monta Ellis
1864,Monte Morris
1865,Montrezl Harrell
1866,Monty Williams
1867,Moochie Norris
1868,Mookie Blaylock
1869,Moritz Wagner
1870,Morlon Wiley
1871,Morris Almond
1872,Morris Peterson
1873,Moses Brown
1874,Moses Malone
1875,Muggsy Bogues
1876,Mustafa Shakur
1877,Mychal Mulder
1878,Mychal Thompson
1879,Mychel Thompson
1880,Myke Henry
1881,Myles Turner
1882,Myron Brown
1883,Naji Marshall
1884,Nando De Colo
1885,Nassir Little
1886,Nate Darling
1887,Nate Higgs
1888,Nate Hinton
1889,Nate Huffman
1890,Nate McMillan
1891,Nate Robinson
1892,Nate Wolters
1893,Nathan Jawai
1894,Nathan Knight
1895,Naz Long
1896,Naz Reid
1897,Nazr Mohammed
1898,Ndudi Ebi
1899,Negele Knight
1900,Nemanja Bjelica
1901,Nemanja Nedovic
1902,Nenad Krstic
1903,Nenê
1904,Nerlens Noel
1905,Nick Anderson
1906,Nick Calathes
1907,Nick Collison
1908,Nick Fazekas
1909,Nick Johnson
1910,Nick Richards
1911,Nick Van Exel
1912,Nick Young
1913,Nick Zeisloft
1914,Nickeil Alexander-Walker
1915,Nico Mannion
1916,Nicolas Batum
1917,Nicolas Brussino
1918,Nicolas Claxton
1919,Nicolas Laprovittola
1920,Nicolo Melli
1921,Nigel Hayes
1922,Nigel Williams-Goss
1923,Nik Stauskas
1924,Nikita Morgunov
1925,Nikola Jokic
1926,Nikola Jovanovic
1927,Nikola Mirotic
1928,Nikola Pekovic
1929,Nikola Vucevic
1930,Nikoloz Tskitishvili
1931,Noah Vonleh
1932,Nolan Smith
1933,Norm Richardson
1934,Norman Powell
1935,Norris Cole
1936,Norvel Pelle
1937,Obi Toppin
1938,Obinna Ekezie
1939,OG Anunoby
1940,Ognjen Kuzmic
1941,OJ Mayo
1942,Okaro White
1943,Olden Polynice
1944,Oleksiy Pecherov
1945,Oliver Miller
1946,Olumide Oyedeji
1947,Omar Cook
1948,Omari Johnson
1949,Omari Spellman
1950,Omer Asik
1951,Omer Yurtseven
1952,Omri Casspi
1953,Onyeka Okongwu
1954,Orien Greene
1955,Orlando Johnson
1956,Orlando Woolridge
1957,Oscar Torres
1958,Oshae Brissett
1959,Othella Harrington
1960,Othello Hunter
1961,Othyus Jeffers
1962,Otis Smith
1963,Otis Thorpe
1964,Otto Porter
1965,Pablo Prigioni
1966,Pape Sow
1967,Pape Sy
1968,Pascal Siakam
1969,Pat Burke
1970,Pat Carroll
1971,Pat Connaughton
1972,Pat Durham
1973,Pat Garrity
1974,Patric Young
1975,Patricio Garino
1976,Patrick Beverley
1977,Patrick Eddie
1978,Patrick Ewing
1979,Patrick McCaw
1980,Patrick Mills
1981,Patrick O'Bryant
1982,Patrick Patterson
1983,Patrick Savoy
1984,Patrick Williams
1985,Pau Gasol
1986,Paul Davis
1987,Paul George
1988,Paul Graham
1989,Paul Grant
1990,Paul McPherson
1991,Paul Miller
1992,Paul Millsap
1993,Paul Mokeski
1994,Paul Pierce
1995,Paul Pressey
1996,Paul Reed
1997,Paul Rogers
1998,Paul Shirley
1999,Paul Watson
2000,Paul Zipser
2001,Pavel Podkolzin
2002,Payton Pritchard
2003,Pepe Sanchez
2004,Pero Antic
2005,Perry Jones
2006,Pervis Ellison
2007,Pete Chilcutt
2008,Pete Mickeal
2009,Pete Myers
2010,Peter John Ramos
2011,Peyton Siva
2012,Phil Pressey
2013,Pierre Jackson
2014,PJ Brown
2015,PJ Dozier
2016,PJ Hairston
2017,PJ Tucker
2018,PJ Washington
2019,Pooh Jeter
2020,Pooh Richardson
2021,Popeye Jones
2022,Pops Mensah-Bonsu
2023,Precious Achiuwa
2024,Predrag Drobnjak
2025,Predrag Savovic
2026,Predrag Stojakovic
2027,Priest Lauderdale
2028,Primoz Brezec
2029,Prince Ibeh
2030,Quentin Richardson
2031,Quincy Acy
2032,Quincy Douby
2033,Quincy Ford
2034,Quincy Lewis
2035,Quincy Miller
2036,Quincy Pondexter
2037,Quinn Cook
2038,Quinndary Weatherspoon
2039,Quintin Dailey
2040,Quinton Ross
2041,Qyntel Woods
2042,Rade Zagorac
2043,Radisav Curcic
2044,Radoslav Nesterovic
2045,Raef LaFrentz
2046,Rafael Addison
2047,Rafael Araujo
2048,Rafer Alston
2049,Raja Bell
2050,Rajon Rondo
2051,Rakeem Christmas
2052,Ralph Sampson
2053,Ramon Sessions
2054,Randell Jackson
2055,Randolph Childress
2056,Randolph Keys
2057,Randolph Morris
2058,Randy Breuer
2059,Randy Brown
2060,Randy Foye
2061,Randy Holcomb
2062,Randy Livingston
2063,Randy White
2064,Randy Wittman
2065,Randy Woods
2066,Rashad McCants
2067,Rashad Vaughn
2068,Rashard Lewis
2069,Rasheed Wallace
2070,Rastko Cvetkovic
2071,Rasual Butler
2072,Ratko Varda
2073,Raul Lopez
2074,Raul Neto
2075,Rawle Alkins
2076,Rawle Marshall
2077,Ray Allen
2078,Ray McCallum
2079,Ray Owes
2080,Rayjon Tucker
2081,Raymond Felton
2082,Raymond Spalding
2083,Reece Gaines
2084,Reggie Bullock
2085,Reggie Evans
2086,Reggie Fox
2087,Reggie Geary
2088,Reggie Hearn
2089,Reggie Jackson
2090,Reggie Jordan
2091,Reggie Lewis
2092,Reggie Miller
2093,Reggie Perry
2094,Reggie Slater
2095,Reggie Smith
2096,Reggie Theus
2097,Reggie Williams
2098,Renaldo Balkman
2099,Renaldo Major
2100,Rex Chapman
2101,Rex Walters
2102,Rich King
2103,Rich Manning
2104,Richard Coffey
2105,Richard Dumas
2106,Richard Hamilton
2107,Richard Hendrix
2108,Richard Jefferson
2109,Richard Petruska
2110,Richard Solomon
2111,Richaun Holmes
2112,Richie Frahm
2113,Rick Brunson
2114,Rick Calloway
2115,Rick Fox
2116,Rick Hughes
2117,Rick Mahorn
2118,Rickey Green
2119,Ricky Blanton
2120,Ricky Davis
2121,Ricky Ledo
2122,Ricky Pierce
2123,Ricky Rubio
2124,Rik Smits
2125,RJ Barrett
2126,RJ Hampton
2127,RJ Hunter
2128,Rob Kurz
2129,Robbie Hummel
2130,Robert Archibald
2131,Robert Covington
2132,Robert Franks
2133,Robert Hite
2134,Robert Horry
2135,Robert Pack
2136,Robert Parish
2137,Robert Reid
2138,Robert Sacre
2139,Robert Swift
2140,Robert Traylor
2141,Robert Werdann
2142,Robert Whaley
2143,Robert Williams
2144,Robert Woodard
2145,Robin Lopez
2146,Rod Higgins
2147,Rod Strickland
2148,Rodions Kurucs
2149,Rodney Buford
2150,Rodney Carney
2151,Rodney Dent
2152,Rodney Hood
2153,Rodney McCray
2154,Rodney McGruder
2155,Rodney Monroe
2156,Rodney Purvis
2157,Rodney Rogers
2158,Rodney Stuckey
2159,Rodney White
2160,Rodney Zimmerman
2161,Rodrick Rhodes
2162,Rodrigue Beaubois
2163,Roger Mason
2164,Roger Powell
2165,Roko Ukic
2166,Rolando Blackman
2167,Romain Sato
2168,Romeo Langford
2169,Ron Anderson
2170,Ron Baker
2171,Ron Grandison
2172,Ron Harper
2173,Ron Mercer
2174,Ron Riley
2175,Ronald Dupree
2176,Ronald Murray
2177,Rondae Hollis-Jefferson
2178,Ronnie Brewer
2179,Ronnie Price
2180,Ronny Turiaf
2181,Rony Seikaly
2182,Rory Sparrow
2183,Roshown McLeod
2184,Roy Hibbert
2185,Roy Hinson
2186,Roy Rogers
2187,Roy Tarpley
2188,Royal Ivey
2189,Royce O'Neale
2190,Royce White
2191,Ruben Boumtje-Boumtje
2192,Ruben Garces
2193,Ruben Nembhard
2194,Ruben Patterson
2195,Ruben Wolkowyski
2196,Rudy Fernandez
2197,Rudy Gay
2198,Rudy Gobert
2199,Rui Hachimura
2200,Rumeal Robinson
2201,Russ Smith
2202,Russell Westbrook
2203,Rusty Larue
2204,Ryan Anderson
2205,Ryan Arcidiacono
2206,Ryan Bowen
2207,Ryan Broekhoff
2208,Ryan Gomes
2209,Ryan Hollins
2210,Ryan Humphrey
2211,Ryan Kelly
2212,Ryan Lorthridge
2213,Ryan Reid
2214,Ryan Robertson
2215,Ryan Stack
2216,Saben Lee
2217,Saddiq Bey
2218,Saer Sene
2219,Salah Mejri
2220,Salim Stoudamire
2221,Sam Bowie
2222,Sam Cassell
2223,Sam Clancy
2224,Sam Dekker
2225,Sam Jacobson
2226,Sam Mack
2227,Sam Merrill
2228,Sam Mitchell
2229,Sam Perkins
2230,Sam Vincent
2231,Sam Young
2232,Samaki Walker
2233,Samardo Samuels
2234,Samuel Dalembert
2235,Sarunas Jasikevicius
2236,Sarunas Marciulionis
2237,Sasha Danilovic
2238,Sasha Kaun
2239,Sasha Vujacic
2240,Scot Pollard
2241,Scott Brooks
2242,Scott Burrell
2243,Scott Haffner
2244,Scott Haskin
2245,Scott Hastings
2246,Scott Machado
2247,Scott Meents
2248,Scott Padgett
2249,Scott Skiles
2250,Scott Williams
2251,Scott Wood
2252,Scottie Pippen
2253,Scottie Wilbekin
2254,Scotty Hopson
2255,Sean Banks
2256,Sean Elliott
2257,Sean Green
2258,Sean Higgins
2259,Sean Kilpatrick
2260,Sean Lampley
2261,Sean Marks
2262,Sean May
2263,Sean McDermott
2264,Sean Rooks
2265,Sean Singletary
2266,Sean Williams
2267,Sebastian Telfair
2268,Sedale Threatt
2269,Sedric Toney
2270,Sekou Doumbouya
2271,Semaj Christon
2272,Semi Ojeleye
2273,Semih Erden
2274,Serge Ibaka
2275,Serge Zwikker
2276,Sergei Bazarevich
2277,Sergey Karasev
2278,Sergey Monya
2279,Sergio Rodriguez
2280,Seth Curry
2281,Shabazz Muhammad
2282,Shabazz Napier
2283,Shai Gilgeous-Alexander
2284,Shake Milton
2285,Shammond Williams
2286,Shandon Anderson
2287,Shane Battier
2288,Shane Edwards
2289,Shane Heal
2290,Shane Larkin
2291,Shannon Brown
2292,Shannon Smith
2293,Shaquille Harrison
2294,Shaquille O'Neal
2295,Shareef Abdur-Rahim
2296,Sharone Wright
2297,Sharrod Ford
2298,Shaun Livingston
2299,Shavlik Randolph
2300,Shawn Bradley
2301,Shawn Kemp
2302,Shawn Long
2303,Shawn Marion
2304,Shawn Respert
2305,Shawne Williams
2306,Shawnelle Scott
2307,Shayne Whittington
2308,Shea Seals
2309,Shelden Williams
2310,Sheldon Mac
2311,Shelvin Mack
2312,Sherell Ford
2313,Sherman Douglas
2314,Sherron Collins
2315,Sidney Green
2316,Sidney Moncrief
2317,Sim Bhullar
2318,Sindarius Thornwell
2319,Skal Labissiere
2320,Skylar Mays
2321,Slavko Vranes
2322,Sleepy Floyd
2323,Smush Parker
2324,Solomon Alabi
2325,Solomon Hill
2326,Solomon Jones
2327,Sonny Weems
2328,Soumaila Samake
2329,Speedy Claxton
2330,Spencer Dinwiddie
2331,Spencer Hawes
2332,Spud Webb
2333,Stacey Augmon
2334,Stacey King
2335,Stan Kimbrough
2336,Stanislav Medvedenko
2337,Stanley Jackson
2338,Stanley Johnson
2339,Stanley Roberts
2340,Stefan Jankovic
2341,Stefano Rusconi
2342,Stephan Hicks
2343,Stephane Lasme
2344,Stephen Curry
2345,Stephen Graham
2346,Stephen Howard
2347,Stephen Jackson
2348,Stephen Zimmerman
2349,Stephon Marbury
2350,Sterling Brown
2351,Steve Alford
2352,Steve Bardo
2353,Steve Blake
2354,Steve Colter
2355,Steve Francis
2356,Steve Goodrich
2357,Steve Hamer
2358,Steve Henson
2359,Steve Kerr
2360,Steve Nash
2361,Steve Novak
2362,Steve Scheffler
2363,Steve Smith
2364,Steven Adams
2365,Steven Hill
2366,Steven Hunter
2367,Steven Smith
2368,Stojko Vrankovic
2369,Stromile Swift
2370,Stuart Gray
2371,Sun Yue
2372,Sundiata Gaines
2373,Sviatoslav Mykhailiuk
2374,Tacko Fall
2375,Tahjere McCall
2376,Taj Gibson
2377,Talen Horton-Tucker
2378,Tamar Slay
2379,Tang Hamilton
2380,Tarence Kinsey
2381,Tarik Black
2382,Tarik Phillip
2383,Tariq Abdul-Wahad
2384,Tariq Owens
2385,Tate George
2386,Taurean Green
2387,Taurean Prince
2388,Taylor Griffin
2389,Tayshaun Prince
2390,Tellis Frank
2391,Terance Mann
2392,Terence Davis
2393,Terence Morris
2394,Terrance Ferguson
2395,Terrance Roberson
2396,Terrel Harris
2397,Terrell Brandon
2398,Terrence Jones
2399,Terrence Rencher
2400,Terrence Ross
2401,Terrence Williams
2402,Terrico White
2403,Terry Catledge
2404,Terry Cummings
2405,Terry Davis
2406,Terry Dehere
2407,Terry Mills
2408,Terry Porter
2409,Terry Rozier
2410,Terry Teagle
2411,Thabo Sefolosha
2412,Thaddeus Young
2413,Thanasis Antetokounmpo
2414,Tharon Mayes
2415,Theo Maledon
2416,Theo Pinson
2417,Theo Ratliff
2418,Theron Smith
2419,Thomas Bryant
2420,Thomas Gardner
2421,Thomas Hamilton
2422,Thomas Robinson
2423,Thomas Walkup
2424,Thomas Welsh
2425,Thon Maker
2426,Thurl Bailey
2427,Tiago Splitter
2428,Tibor Pleiss
2429,Tierre Brown
2430,Tim Breaux
2431,Tim Duncan
2432,Tim Frazier
2433,Tim Hardaway
2434,Tim Hardaway Jr
2435,Tim James
2436,Tim Kempton
2437,Tim Legler
2438,Tim McCormick
2439,Tim Ohlbrecht
2440,Tim Perry
2441,Tim Quarterman
2442,Tim Thomas
2443,Tim Young
2444,Timofey Mozgov
2445,Timothe Luwawu
2446,Tito Horford
2447,Tito Maddox
2448,TJ Ford
2449,TJ Leaf
2450,TJ McConnell
2451,TJ Warren
2452,Tobias Harris
2453,Toby Bailey
2454,Tod Murphy
2455,Todd Day
2456,Todd Fuller
2457,Todd Lichti
2458,Todd Lindeman
2459,Todd MacCulloch
2460,Todd Mundt
2461,Tom Chambers
2462,Tom Copa
2463,Tom Garrick
2464,Tom Gugliotta
2465,Tom Hammonds
2466,Tom Hovasse
2467,Tom Tolbert
2468,Tomas Satoransky
2469,Tommy Smith
2470,Toney Douglas
2471,Toni Kukoc
2472,Tony Allen
2473,Tony Battie
2474,Tony Bennett
2475,Tony Bobbitt
2476,Tony Bradley
2477,Tony Brown
2478,Tony Campbell
2479,Tony Delk
2480,Tony Dumas
2481,Tony Farmer
2482,Tony Harris
2483,Tony Massenburg
2484,Tony Mitchell
2485,Tony Parker
2486,Tony Smith
2487,Tony Snell
2488,Tony Wroten
2489,Tornike Shengelia
2490,Torraye Braggs
2491,Torrey Craig
2492,Toure Murry
2493,Tracy McGrady
2494,Tracy Moore
2495,Tracy Murray
2496,Trae Young
2497,Trajan Langdon
2498,Travis Best
2499,Travis Diener
2500,Travis Hansen
2501,Travis Knight
2502,Travis Leslie
2503,Travis Mays
2504,Travis Outlaw
2505,Travis Wear
2506,Travis Williams
2507,Tre Jones
2508,Tree Rollins
2509,Tremaine Fowlkes
2510,Tremont Waters
2511,Trent Forrest
2512,Trent Tucker
2513,Trenton Hassell
2514,Treveon Graham
2515,Trevon Bluiett
2516,Trevon Duval
2517,Trevor Ariza
2518,Trevor Booker
2519,Trevor Ruffin
2520,Trevor Wilson
2521,Trevor Winter
2522,Trey Burke
2523,Trey Johnson
2524,Trey Lyles
2525,Trey McKinney-Jones
2526,Trey Thompkins
2527,Tristan Thompson
2528,Troy Bell
2529,Troy Brown
2530,Troy Caupain
2531,Troy Daniels
2532,Troy Hudson
2533,Troy Murphy
2534,Troy Williams
2535,Ty-Shon Alexander
2536,Ty Jerome
2537,Ty Lawson
2538,Tyler Bey
2539,Tyler Cavanaugh
2540,Tyler Cook
2541,Tyler Davis
2542,Tyler Dorsey
2543,Tyler Ennis
2544,Tyler Hall
2545,Tyler Hansbrough
2546,Tyler Herro
2547,Tyler Honeycutt
2548,Tyler Johnson
2549,Tyler Lydon
2550,Tyler Ulis
2551,Tyler Zeller
2552,Tyreke Evans
2553,Tyrell Terry
2554,Tyrese Haliburton
2555,Tyrese Maxey
2556,Tyrone Corbin
2557,Tyrone Grant
2558,Tyrone Hill
2559,Tyrone Nesby
2560,Tyrone Wallace
2561,Tyronn Lue
2562,Tyrus Thomas
2563,Tyshawn Taylor
2564,Tyson Chandler
2565,Tyus Edney
2566,Tyus Jones
2567,Udoka Azubuike
2568,Udonis Haslem
2569,Uros Slokar
2570,Vander Blue
2571,Vassilis Spanoulis
2572,Vern Fleming
2573,Vernon Carey
2574,Vernon Macklin
2575,Vernon Maxwell
2576,Vic Law
2577,Victor Alexander
2578,Victor Claver
2579,Victor Oladipo
2580,Viktor Khryapa
2581,Vin Baker
2582,Vince Carter
2583,Vince Hunter
2584,Vincent Askew
2585,Vincent Edwards
2586,Vincent Grier
2587,Vincent Poirier
2588,Vincent Yarbrough
2589,Vincenzo Esposito
2590,Vinnie Johnson
2591,Vinny Del Negro
2592,Virginijus Praskevicius
2593,Vitaly Potapenko
2594,Vitor Faverani
2595,VJ Beachem
2596,Vlade Divac
2597,Vladimir Radmanovic
2598,Vladimir Stepania
2599,Vlatko Cancar
2600,Von Wafer
2601,Vonteego Cummings
2602,Voshon Lenard
2603,Vyacheslav Kravtsov
2604,Wade Baldwin
2605,Walker Russell
2606,Wally Szczerbiak
2607,Walt Williams
2608,Walter Bond
2609,Walter Davis
2610,Walter Herrmann
2611,Walter Lemon Jr
2612,Walter McCarty
2613,Walter Palmer
2614,Walter Sharpe
2615,Walter Tavares
2616,Wang Zhizhi
2617,Wayman Tisdale
2618,Wayne Cooper
2619,Wayne Ellington
2620,Wayne Selden
2621,Wayne Simien
2622,Wayne Turner
2623,Wendell Carter
2624,Wenyen Gabriel
2625,Wesley Iwundu
2626,Wesley Johnson
2627,Wesley Matthews
2628,Wesley Person
2629,Will Barton
2630,Will Blalock
2631,Will Bynum
2632,Will Cherry
2633,Will Conroy
2634,Will Magnay
2635,Will Perdue
2636,William Avery
2637,William Bedford
2638,William Cunningham
2639,William Howard
2640,Willie Anderson
2641,Willie Burton
2642,Willie Cauley-Stein
2643,Willie Green
2644,Willie Reed
2645,Willie Solomon
2646,Willie Warren
2647,Willy Hernangomez
2648,Wilson Chandler
2649,Winston Bennett
2650,Winston Garland
2651,Xavier Henry
2652,Xavier McDaniel
2653,Xavier Munford
2654,Xavier Silas
2655,Xavier Tillman
2656,Yakhouba Diawara
2657,Yakuba Ouattara
2658,Yante Maten
2659,Yao Ming
2660,Yaroslav Korolev
2661,Yi Jianlian
2662,Yinka Dare
2663,Yogi Ferrell
2664,Yuta Tabuse
2665,Yuta Watanabe
2666,Zabian Dowdell
2667,Zach Auguste
2668,Zach Collins
2669,Zach LaVine
2670,Zach Lofton
2671,Zach Randolph
2672,Zan Tabak
2673,Zarko Cabarkapa
2674,Zaza Pachulia
2675,Zeke Nnaji
2676,Zeljko Rebraca
2677,Zendon Hamilton
2678,Zhaire Smith
2679,Zhou Qi
2680,Zion Williamson
2681,Zoran Dragic
2682,Zoran Planinic
2683,Zydrunas Ilgauskas
2684,Zylan Cheatham
